task,dataset,K,seed,ratio,eta_sel,eta_path_trimmed,viol_sign_pct,LK_eta_sel,LK_eta_path,n_steps_nonpos,frac_steps_nonpos,J2_L,J2_rho_at_sel,J2_below_L,J2_below_rho_at_sel,J2_gap
E3,sport_coverage,4,7,0.415324,1.0,4.86552,40.91,0.683594,0.190223,3,0.75,0.68359375,0.68359375,True,True,0.26826975
E3,sport_coverage,3,7,0.46281,1.0,4.86552,38.89,0.703704,0.191769,2,0.666667,0.7037037037037036,0.7037037037037037,True,True,0.2408937037037036
E3,sport_coverage,3,77,0.492754,1.0,41.9231,33.33,0.703704,0.023664,2,0.666667,0.7037037037037036,0.7037037037037037,True,True,0.21094970370370358
E3,sport_coverage,4,77,0.506512,1.0,41.9231,36.36,0.683594,0.023641,3,0.75,0.68359375,0.68359375,True,True,0.17708175000000004
E3,tech_coverage,4,15,0.54567,1.0,17.2109,26.0,0.683594,0.056849,3,0.75,0.68359375,0.68359375,True,True,0.13792375
E3,business_coverage,7,27,0.522548,1.0,31.6792,35.8,0.660083,0.031143,5,0.714286,0.660083322910886,0.6600833229108863,True,True,0.137535322910886
E3,business_coverage,6,27,0.538182,1.0,24.4709,34.25,0.665102,0.040175,4,0.666667,0.6651020233196159,0.6651020233196159,True,True,0.12692002331961583
E3,business_facility,5,47,0.555133,1.0,67.0916,32.0,0.67232,0.014816,3,0.6,0.6723199999999999,0.6723199999999999,True,True,0.11718699999999993
E3,business_coverage,6,50,0.560886,1.0,37.6729,37.04,0.665102,0.026252,4,0.666667,0.6651020233196159,0.6651020233196159,True,True,0.10421602331961588
E3,business_facility,6,47,0.565467,1.0,67.0916,35.09,0.665102,0.014813,4,0.666667,0.6651020233196159,0.6651020233196159,True,True,0.09963502331961582
E3,sport_coverage,5,90,0.493339,1.23976,13.8045,13.75,0.585066,0.070371,3,0.6,0.5850675221764154,0.5977641930365312,True,True,0.09172852217641542
E3,sport_facility,4,67,0.576471,1.04421,8.99484,36.67,0.66535,0.106625,2,0.5,0.6653506296453313,0.6687199836125459,True,True,0.08887962964533136
E3,business_facility,7,47,0.574823,1.0,67.0916,36.51,0.660083,0.01481,5,0.714286,0.660083322910886,0.6600833229108863,True,True,0.08526032291088603
E3,business_coverage,5,27,0.589111,1.0,24.4709,31.25,0.67232,0.040202,3,0.6,0.6723199999999999,0.6723199999999999,True,True,0.08320899999999987
E3,business_coverage,5,71,0.590201,1.0,39.9887,44.44,0.67232,0.024758,3,0.6,0.6723199999999999,0.6723199999999999,True,True,0.08211899999999994
E3,business_facility,4,47,0.605111,1.0,67.0916,26.19,0.683594,0.014822,2,0.5,0.68359375,0.68359375,True,True,0.07848275000000005
E3,business_coverage,4,96,0.302189,2.22222,16.5491,11.54,0.379598,0.059071,2,0.5,0.3795979464064071,0.4139889808500885,True,True,0.07740894640640711
E3,tech_coverage,3,15,0.629936,1.0,16.3019,17.95,0.703704,0.060097,2,0.666667,0.7037037037037036,0.7037037037037037,True,True,0.07376770370370356
E3,tech_coverage,6,15,0.593192,1.0,22.9009,33.33,0.665102,0.04288,4,0.666667,0.6651020233196159,0.6651020233196159,True,True,0.07191002331961582
E3,sport_facility,3,78,0.632184,1.0,14.6522,42.86,0.703704,0.066708,2,0.666667,0.7037037037037036,0.7037037037037037,True,True,0.07151970370370364
E3,business_coverage,3,96,0.315789,2.22222,16.5491,9.52,0.385875,0.059217,1,0.333333,0.3858753251252678,0.4285717784259415,True,True,0.0700863251252678
E3,business_coverage,5,74,0.603448,1.0,47.6591,27.27,0.67232,0.020807,3,0.6,0.6723199999999999,0.6723199999999999,True,True,0.06887199999999993
E3,sport_diversity,3,78,0.637363,1.0,13.9852,42.86,0.703704,0.069813,2,0.666667,0.7037037037037036,0.7037037037037037,True,True,0.0663407037037036
E3,sport_facility,5,91,0.562257,1.11295,41.4075,23.33,0.628586,0.023918,3,0.6,0.6285873462629001,0.6352844682966887,True,True,0.06633034626290013
E3,tech_coverage,5,15,0.608937,1.0,22.9009,30.0,0.67232,0.04291,3,0.6,0.6723199999999999,0.6723199999999999,True,True,0.06338299999999997
E3,business_coverage,4,71,0.62069,1.0,39.9887,39.47,0.683594,0.024774,2,0.5,0.68359375,0.68359375,True,True,0.06290375000000004
E3,tech_facility,6,15,0.607069,1.0,21.5997,33.33,0.665102,0.045413,4,0.666667,0.6651020233196159,0.6651020233196159,True,True,0.058033023319615906
E3,business_coverage,5,10,0.61667,1.0,32.226,44.44,0.67232,0.030648,3,0.6,0.6723199999999999,0.6723199999999999,True,True,0.055649999999999866
E3,business_facility,4,96,0.612293,1.05316,40.6152,34.62,0.661754,0.024395,2,0.5,0.6617554086100843,0.6657761592537128,True,True,0.04946240861008433
E3,business_coverage,5,50,0.623482,1.0,37.6729,34.29,0.67232,0.026264,3,0.6,0.6723199999999999,0.6723199999999999,True,True,0.04883799999999994
E3,business_coverage,6,71,0.61684,1.0,39.9887,47.06,0.665102,0.024748,4,0.666667,0.6651020233196159,0.6651020233196159,True,True,0.04826202331961582
E3,sport_diversity,4,78,0.637363,1.0,13.9852,46.15,0.683594,0.06961,3,0.75,0.68359375,0.68359375,True,True,0.04623074999999999
E3,business_diversity,5,19,0.424779,1.67507,23.3015,21.82,0.470461,0.042185,3,0.6,0.4704605146861318,0.49519295418775133,True,True,0.0456815146861318
E3,tech_facility,4,57,0.642242,1.0,31.0654,19.05,0.683594,0.031804,2,0.5,0.68359375,0.68359375,True,True,0.04135175000000002
E3,tech_facility,5,15,0.631257,1.0,21.5997,33.33,0.67232,0.045447,3,0.6,0.6723199999999999,0.6723199999999999,True,True,0.04106299999999996
E3,sport_coverage,4,55,0.644689,1.0,18.1243,32.35,0.683594,0.054044,2,0.5,0.68359375,0.68359375,True,True,0.03890475000000004
E3,tech_coverage,4,57,0.622247,1.06215,27.1833,16.67,0.658176,0.036283,2,0.5,0.65817676436448,0.6628415926434199,True,True,0.03592976436448003
E3,sport_coverage,4,90,0.560702,1.23976,13.8045,12.12,0.593772,0.070496,2,0.5,0.5937726935438533,0.6092115973807227,True,True,0.03307069354385328
E3,business_coverage,4,38,0.19403,4.00907,69.0,15.79,0.227057,0.014414,2,0.5,0.22705766439134834,0.24943440748103674,True,True,0.03302766439134833
E3,business_coverage,4,10,0.650718,1.0,32.226,39.47,0.683594,0.030672,2,0.5,0.68359375,0.68359375,True,True,0.03287574999999998
E3,business_coverage,4,74,0.652465,1.0,40.8617,23.91,0.683594,0.024249,2,0.5,0.68359375,0.68359375,True,True,0.03112875000000004
E3,tech_coverage,4,8,0.642235,1.02589,19.5101,18.0,0.672814,0.050279,2,0.5,0.6728119509397038,0.6748159141287271,True,True,0.030576950939703806
E3,business_coverage,4,91,0.655854,1.0,22.2539,14.52,0.683594,0.044184,2,0.5,0.68359375,0.68359375,True,True,0.027739749999999952
E3,sport_facility,5,33,0.496007,1.4612,54.0007,9.23,0.520961,0.018382,3,0.6,0.5209603154478487,0.5411086552575004,True,True,0.024953315447848734
E3,sport_coverage,4,91,0.659284,1.0,25.4502,24.0,0.683594,0.038717,2,0.5,0.68359375,0.68359375,True,True,0.02430975000000002
E3,business_facility,3,19,0.462947,1.67507,47.7327,11.11,0.486071,0.020804,1,0.333333,0.4860711679101204,0.5249341940298389,True,True,0.023124167910120397
E3,business_coverage,7,50,0.635028,1.00748,37.6729,39.56,0.657129,0.026244,4,0.571429,0.6571280543044287,0.6574887956993525,True,True,0.02210005430442863
E3,business_facility,3,96,0.660194,1.05316,40.6152,28.57,0.680697,0.02442,1,0.333333,0.6806986704665646,0.6857394307388784,True,True,0.02050467046656468
E3,business_coverage,5,85,0.653229,1.0,17.1191,33.33,0.67232,0.057065,3,0.6,0.6723199999999999,0.6723199999999999,True,True,0.01909099999999997
E3,sport_facility,7,91,0.602502,1.11295,41.4075,27.27,0.617734,0.023902,4,0.571429,0.6177358491414944,0.6226778957002632,True,True,0.015233849141494393
E3,business_coverage,4,85,0.669528,1.0,17.0755,26.32,0.683594,0.05729,2,0.5,0.68359375,0.68359375,True,True,0.014065749999999988
E3,sport_coverage,3,12,0.677686,1.03078,16.6833,13.33,0.690234,0.058751,1,0.333333,0.6902330650226847,0.6932027746619684,True,True,0.012547065022684656
E3,sport_coverage,3,20,0.677686,1.03078,16.6833,13.33,0.690234,0.058751,1,0.333333,0.6902330650226847,0.6932027746619684,True,True,0.012547065022684656
E3,business_coverage,6,85,0.658526,1.0,17.1191,37.25,0.665102,0.057011,4,0.666667,0.6651020233196159,0.6651020233196159,True,True,0.006576023319615931
E3,sport_coverage,5,7,0.665821,1.0,4.86552,40.0,0.67232,0.189312,3,0.6,0.6723199999999999,0.6723199999999999,True,True,0.0064989999999999215
E3,sport_coverage,6,90,0.516168,1.44143,13.8045,13.98,0.521572,0.070289,3,0.5,0.5215726056490976,0.5381595618890727,True,True,0.005404605649097616
E3,business_coverage,6,91,0.635691,1.06321,31.7795,27.59,0.64049,0.031057,3,0.5,0.6404879952757783,0.6438198429030559,True,True,0.00479699527577826
E3,business_diversity,4,19,0.472195,1.67507,23.3015,15.22,0.476143,0.04223,2,0.5,0.4761427631333477,0.5064293594467828,True,True,0.003947763133347715
E3,business_coverage,4,50,0.68129,1.0,33.5362,29.31,0.683594,0.029487,2,0.5,0.68359375,0.68359375,True,True,0.002303750000000049
E3,business_coverage,5,18,0.588912,1.22346,6.00277,45.71,0.590358,0.155853,3,0.6,0.5903570418660158,0.6023629926585035,True,True,0.0014450418660157949
E3,tech_coverage,7,15,0.654045,1.01226,22.9009,35.06,0.655253,0.042858,4,0.571429,0.6552510826501556,0.6558397612946281,True,True,0.0012060826501556488
E3,sport_coverage,6,12,0.652346,1.03078,17.6979,27.45,0.652922,0.05519,3,0.5,0.6529209998668684,0.6545919236119954,True,True,0.0005749998668683753
E3,sport_coverage,6,20,0.652346,1.03078,17.6979,27.45,0.652922,0.05519,3,0.5,0.6529209998668684,0.6545919236119954,True,True,0.0005749998668683753
