dataset,p,seed,K,eta_sel_csv,eta_sel_fixedk,LK_csv,LK_fixedk,is_inf,n_steps_nonpos_csv,n_zero_steps_replay,n_harmful_zero_replay,n_benign_zero_replay,eta_sel_changed,LK_changed
email_eu_core,0.3,0,1,1,1,1.000000,1.000000,0,0,0,0,0,0,0
email_eu_core,0.3,0,2,1.20833,1.20833,0.656361,0.656361,0,0,0,0,0,0,0
email_eu_core,0.3,0,3,1.68571,1.68571,0.483649,0.483649,0,0,0,0,0,0,0
email_eu_core,0.3,0,4,1.68571,1.68571,0.473818,0.473818,0,0,0,0,0,0,0
email_eu_core,0.3,0,5,1.68571,1.68571,0.468190,0.468190,0,0,0,0,0,0,0
email_eu_core,0.3,0,6,2.75,2.75,0.312795,0.312795,0,0,0,0,0,0,0
email_eu_core,0.3,0,7,2.75,2.75,0.311625,0.311625,0,0,0,0,0,0,0
email_eu_core,0.3,0,8,2.75,2.75,0.310756,0.310756,0,0,0,0,0,0,0
email_eu_core,0.3,0,9,5,5,0.183114,0.183114,0,0,0,0,0,0,0
email_eu_core,0.3,0,10,5,5,0.182927,0.182927,0,0,0,0,0,0,0
email_eu_core,0.3,0,11,5,5,0.182775,0.182775,0,0,0,0,0,0,0
email_eu_core,0.3,0,12,5,5,0.182648,0.182648,0,0,0,0,0,0,0
email_eu_core,0.3,0,13,5,5,0.182541,0.182541,0,0,0,0,0,0,0
email_eu_core,0.3,0,14,5,5,0.182449,0.182449,0,0,0,0,0,0,0
email_eu_core,0.3,0,15,8,8,0.117965,0.117965,0,0,0,0,0,0,0
email_eu_core,0.3,0,16,8,8,0.117936,0.117936,0,0,0,0,0,0,0
email_eu_core,0.3,0,17,8,8,0.117911,0.117911,0,0,0,0,0,0,0
email_eu_core,0.3,0,18,8,8,0.117888,0.117888,0,0,0,0,0,0,0
email_eu_core,0.3,0,19,8,8,0.117867,0.117867,0,0,0,0,0,0,0
email_eu_core,0.3,0,20,8,8,0.117849,0.117849,0,0,0,0,0,0,0
email_eu_core,0.3,0,21,8,8,0.117833,0.117833,0,0,0,0,0,0,0
email_eu_core,0.3,0,22,8,8,0.117818,0.117818,0,0,0,0,0,0,0
email_eu_core,0.3,0,23,8,8,0.117804,0.117804,0,0,0,0,0,0,0
email_eu_core,0.3,0,24,8,8,0.117791,0.117791,0,0,0,0,0,0,0
email_eu_core,0.3,0,25,8,8,0.117780,0.117780,0,0,0,0,0,0,0
email_eu_core,0.3,0,26,8,8,0.117769,0.117769,0,0,0,0,0,0,0
email_eu_core,0.3,0,27,8,8,0.117759,0.117759,0,0,0,0,0,0,0
email_eu_core,0.3,0,28,8,8,0.117750,0.117750,0,0,0,0,0,0,0
email_eu_core,0.3,0,29,8,8,0.117741,0.117741,0,0,0,0,0,0,0
email_eu_core,0.3,0,30,8,8,0.117734,0.117734,0,0,0,0,0,0,0
email_eu_core,0.3,12,1,1,1,1.000000,1.000000,0,0,0,0,0,0,0
email_eu_core,0.3,12,2,1.06098,1.06098,0.720439,0.720439,0,0,0,0,0,0,0
email_eu_core,0.3,12,3,1.4,1.4,0.557715,0.557715,0,0,0,0,0,0,0
email_eu_core,0.3,12,4,1.4,1.4,0.544719,0.544719,0,0,0,0,0,0,0
email_eu_core,0.3,12,5,2.64706,2.64706,0.324844,0.324844,0,0,0,0,0,0,0
email_eu_core,0.3,12,6,2.64706,2.64706,0.323075,0.323075,0,0,0,0,0,0,0
email_eu_core,0.3,12,7,2.64706,2.64706,0.321828,0.321828,0,0,0,0,0,0,0
email_eu_core,0.3,12,8,2.64706,2.64706,0.320901,0.320901,0,0,0,0,0,0,0
email_eu_core,0.3,12,9,2.64706,2.64706,0.320186,0.320186,0,0,0,0,0,0,0
email_eu_core,0.3,12,10,2.64706,2.64706,0.319616,0.319616,0,0,0,0,0,0,0
email_eu_core,0.3,12,11,2.64706,2.64706,0.319153,0.319153,0,0,0,0,0,0,0
email_eu_core,0.3,12,12,2.64706,2.64706,0.318768,0.318768,0,0,0,0,0,0,0
email_eu_core,0.3,12,13,2.64706,2.64706,0.318443,0.318443,0,0,0,0,0,0,0
email_eu_core,0.3,12,14,2.64706,2.64706,0.318166,0.318166,0,0,0,0,0,0,0
email_eu_core,0.3,12,15,2.64706,2.64706,0.317926,0.317926,0,0,0,0,0,0,0
email_eu_core,0.3,12,16,2.64706,2.64706,0.317716,0.317716,0,0,0,0,0,0,0
email_eu_core,0.3,12,17,4.33333,4.33333,0.207331,0.207331,0,0,0,0,0,0,0
email_eu_core,0.3,12,18,4.33333,4.33333,0.207261,0.207261,0,0,0,0,0,0,0
email_eu_core,0.3,12,19,4.33333,inf,0.207198,0.000000,1,1,1,1,0,1,1
email_eu_core,0.3,12,20,4.33333,inf,0.207142,0.000000,1,1,1,1,0,1,1
email_eu_core,0.3,12,21,4.33333,inf,0.207091,0.000000,1,1,1,1,0,1,1
email_eu_core,0.3,12,22,4.33333,inf,0.207044,0.000000,1,1,1,1,0,1,1
email_eu_core,0.3,12,23,4.33333,inf,0.207002,0.000000,1,1,1,1,0,1,1
email_eu_core,0.3,12,24,4.33333,inf,0.206963,0.000000,1,1,1,1,0,1,1
email_eu_core,0.3,12,25,4.33333,inf,0.206928,0.000000,1,1,1,1,0,1,1
email_eu_core,0.3,12,26,4.33333,inf,0.206895,0.000000,1,1,1,1,0,1,1
email_eu_core,0.3,12,27,4.33333,inf,0.206864,0.000000,1,1,1,1,0,1,1
email_eu_core,0.3,12,28,4.33333,inf,0.206836,0.000000,1,1,1,1,0,1,1
email_eu_core,0.3,12,29,10,inf,0.095319,0.000000,1,1,1,1,0,1,1
email_eu_core,0.3,12,30,10,inf,0.095314,0.000000,1,1,1,1,0,1,1
email_eu_core,0.3,19,1,1,1,1.000000,1.000000,0,0,0,0,0,0,0
email_eu_core,0.3,19,2,1.06098,1.06098,0.720439,0.720439,0,0,0,0,0,0,0
email_eu_core,0.3,19,3,1.06098,1.06098,0.677420,0.677420,0,0,0,0,0,0,0
email_eu_core,0.3,19,4,3.76923,3.76923,0.240059,0.240059,0,0,0,0,0,0,0
email_eu_core,0.3,19,5,3.76923,3.76923,0.238606,0.238606,0,0,0,0,0,0,0
email_eu_core,0.3,19,6,3.76923,3.76923,0.237651,0.237651,0,0,0,0,0,0,0
email_eu_core,0.3,19,7,3.76923,3.76923,0.236975,0.236975,0,0,0,0,0,0,0
email_eu_core,0.3,19,8,3.76923,3.76923,0.236472,0.236472,0,0,0,0,0,0,0
email_eu_core,0.3,19,9,3.76923,3.76923,0.236082,0.236082,0,0,0,0,0,0,0
email_eu_core,0.3,19,10,4.25,4.25,0.211881,0.211881,0,0,0,0,0,0,0
email_eu_core,0.3,19,11,4.25,4.25,0.211677,0.211677,0,0,0,0,0,0,0
email_eu_core,0.3,19,12,4.25,4.25,0.211507,0.211507,0,0,0,0,0,0,0
email_eu_core,0.3,19,13,4.25,4.25,0.211363,0.211363,0,0,0,0,0,0,0
email_eu_core,0.3,19,14,4.25,4.25,0.211240,0.211240,0,0,0,0,0,0,0
email_eu_core,0.3,19,15,4.25,4.25,0.211134,0.211134,0,0,0,0,0,0,0
email_eu_core,0.3,19,16,8,8,0.117936,0.117936,0,0,0,0,0,0,0
email_eu_core,0.3,19,17,8,8,0.117911,0.117911,0,0,0,0,0,0,0
email_eu_core,0.3,19,18,8,8,0.117888,0.117888,0,0,0,0,0,0,0
email_eu_core,0.3,19,19,8,8,0.117867,0.117867,0,0,0,0,0,0,0
email_eu_core,0.3,19,20,8,8,0.117849,0.117849,0,0,0,0,0,0,0
email_eu_core,0.3,19,21,8,8,0.117833,0.117833,0,0,0,0,0,0,0
email_eu_core,0.3,19,22,8,8,0.117818,0.117818,0,0,0,0,0,0,0
email_eu_core,0.3,19,23,8,8,0.117804,0.117804,0,0,0,0,0,0,0
email_eu_core,0.3,19,24,8,8,0.117791,0.117791,0,0,0,0,0,0,0
email_eu_core,0.3,19,25,8,8,0.117780,0.117780,0,0,0,0,0,0,0
email_eu_core,0.3,19,26,8,8,0.117769,0.117769,0,0,0,0,0,0,0
email_eu_core,0.3,19,27,8,inf,0.117759,0.000000,1,1,1,1,0,1,1
email_eu_core,0.3,19,28,9,inf,0.105358,0.000000,1,1,1,1,0,1,1
email_eu_core,0.3,19,29,9,inf,0.105352,0.000000,1,1,1,1,0,1,1
email_eu_core,0.3,19,30,9,inf,0.105345,0.000000,1,1,1,1,0,1,1
email_eu_core,0.5,1,1,1,1,1.000000,1.000000,0,0,0,0,0,0,0
email_eu_core,0.5,1,2,1.20833,1.20833,0.656361,0.656361,0,0,0,0,0,0,0
email_eu_core,0.5,1,3,1.20833,1.20833,0.620280,0.620280,0,0,0,0,0,0,0
email_eu_core,0.5,1,4,1.20833,1.20833,0.604343,0.604343,0,0,0,0,0,0,0
email_eu_core,0.5,1,5,1.20833,1.20833,0.595343,0.595343,0,0,0,0,0,0,0
email_eu_core,0.5,1,6,1.39286,1.39286,0.534512,0.534512,0,0,0,0,0,0,0
email_eu_core,0.5,1,7,1.39286,1.39286,0.531161,0.531161,0,0,0,0,0,0,0
email_eu_core,0.5,1,8,1.39286,1.39286,0.528686,0.528686,0,0,0,0,0,0,0
email_eu_core,0.5,1,9,3.5,3.5,0.251997,0.251997,0,0,0,0,0,0,0
email_eu_core,0.5,1,10,3.5,3.5,0.251643,0.251643,0,0,0,0,0,0,0
email_eu_core,0.5,1,11,3.5,3.5,0.251355,0.251355,0,0,0,0,0,0,0
email_eu_core,0.5,1,12,3.5,3.5,0.251116,0.251116,0,0,0,0,0,0,0
email_eu_core,0.5,1,13,3.5,3.5,0.250913,0.250913,0,0,0,0,0,0,0
email_eu_core,0.5,1,14,3.5,3.5,0.250741,0.250741,0,0,0,0,0,0,0
email_eu_core,0.5,1,15,3.5,3.5,0.250591,0.250591,0,0,0,0,0,0,0
email_eu_core,0.5,1,16,3.5,3.5,0.250460,0.250460,0,0,0,0,0,0,0
email_eu_core,0.5,1,17,5,5,0.182240,0.182240,0,0,0,0,0,0,0
email_eu_core,0.5,1,18,5,5,0.182185,0.182185,0,0,0,0,0,0,0
email_eu_core,0.5,1,19,5,5,0.182137,0.182137,0,0,0,0,0,0,0
email_eu_core,0.5,1,20,5,5,0.182093,0.182093,0,0,0,0,0,0,0
email_eu_core,0.5,1,21,5,5,0.182054,0.182054,0,0,0,0,0,0,0
email_eu_core,0.5,1,22,5,5,0.182018,0.182018,0,0,0,0,0,0,0
email_eu_core,0.5,1,23,5,5,0.181985,0.181985,0,0,0,0,0,0,0
email_eu_core,0.5,1,24,5,5,0.181955,0.181955,0,0,0,0,0,0,0
email_eu_core,0.5,1,25,5,inf,0.181927,0.000000,1,1,1,1,0,1,1
email_eu_core,0.5,1,26,5,inf,0.181902,0.000000,1,1,1,1,0,1,1
email_eu_core,0.5,1,27,5,inf,0.181878,0.000000,1,1,1,1,0,1,1
email_eu_core,0.5,1,28,5,inf,0.181857,0.000000,1,1,1,1,0,1,1
email_eu_core,0.5,1,29,5,inf,0.181836,0.000000,1,1,1,1,0,1,1
email_eu_core,0.5,1,30,5,inf,0.181817,0.000000,1,1,1,1,0,1,1
email_eu_core,0.5,3,1,1,1,1.000000,1.000000,0,0,0,0,0,0,0
email_eu_core,0.5,3,2,1,1,0.750000,0.750000,0,0,0,0,0,0,0
email_eu_core,0.5,3,3,1.37209,1.37209,0.566095,0.566095,0,0,0,0,0,0,0
email_eu_core,0.5,3,4,1.37209,1.37209,0.552718,0.552718,0,0,0,0,0,0,0
email_eu_core,0.5,3,5,1.37209,1.37209,0.545124,0.545124,0,0,0,0,0,0,0
email_eu_core,0.5,3,6,1.37209,1.37209,0.540228,0.540228,0,0,0,0,0,0,0
email_eu_core,0.5,3,7,1.44,1.44,0.518743,0.518743,0,0,0,0,0,0,0
email_eu_core,0.5,3,8,1.44,1.44,0.516378,0.516378,0,0,0,0,0,0,0
email_eu_core,0.5,3,9,1.44,1.44,0.514560,0.514560,0,0,0,0,0,0,0
email_eu_core,0.5,3,10,1.44,1.44,0.513119,0.513119,0,0,0,0,0,0,0
email_eu_core,0.5,3,11,1.625,1.625,0.469146,0.469146,0,0,0,0,0,0,0
email_eu_core,0.5,3,12,4.33333,4.33333,0.207860,0.207860,0,0,0,0,0,0,0
email_eu_core,0.5,3,13,4.33333,4.33333,0.207721,0.207721,0,0,0,0,0,0,0
email_eu_core,0.5,3,14,4.33333,4.33333,0.207603,0.207603,0,0,0,0,0,0,0
email_eu_core,0.5,3,15,4.33333,4.33333,0.207500,0.207500,0,0,0,0,0,0,0
email_eu_core,0.5,3,16,4.33333,4.33333,0.207410,0.207410,0,0,0,0,0,0,0
email_eu_core,0.5,3,17,4.33333,4.33333,0.207331,0.207331,0,0,0,0,0,0,0
email_eu_core,0.5,3,18,4.33333,4.33333,0.207261,0.207261,0,0,0,0,0,0,0
email_eu_core,0.5,3,19,4.33333,4.33333,0.207198,0.207198,0,0,0,0,0,0,0
email_eu_core,0.5,3,20,4.33333,4.33333,0.207142,0.207142,0,0,0,0,0,0,0
email_eu_core,0.5,3,21,4.33333,4.33333,0.207091,0.207091,0,0,0,0,0,0,0
email_eu_core,0.5,3,22,4.33333,4.33333,0.207044,0.207044,0,0,0,0,0,0,0
email_eu_core,0.5,3,23,4.33333,4.33333,0.207002,0.207002,0,0,0,0,0,0,0
email_eu_core,0.5,3,24,4.33333,4.33333,0.206963,0.206963,0,0,0,0,0,0,0
email_eu_core,0.5,3,25,4.33333,4.33333,0.206928,0.206928,0,0,0,0,0,0,0
email_eu_core,0.5,3,26,4.33333,4.33333,0.206895,0.206895,0,0,0,0,0,0,0
email_eu_core,0.5,3,27,4.33333,4.33333,0.206864,0.206864,0,0,0,0,0,0,0
email_eu_core,0.5,3,28,6,6,0.153940,0.153940,0,0,0,0,0,0,0
email_eu_core,0.5,3,29,6,6,0.153925,0.153925,0,0,0,0,0,0,0
email_eu_core,0.5,3,30,6,inf,0.153912,0.000000,1,1,1,1,0,1,1
email_eu_core,0.5,12,1,1,1,1.000000,1.000000,0,0,0,0,0,0,0
email_eu_core,0.5,12,2,1.06098,1.06098,0.720439,0.720439,0,0,0,0,0,0,0
email_eu_core,0.5,12,3,1.06098,1.06098,0.677420,0.677420,0,0,0,0,0,0,0
email_eu_core,0.5,12,4,1.06098,1.06098,0.658642,0.658642,0,0,0,0,0,0,0
email_eu_core,0.5,12,5,1.69231,1.69231,0.466794,0.466794,0,0,0,0,0,0,0
email_eu_core,0.5,12,6,1.69231,1.69231,0.463168,0.463168,0,0,0,0,0,0,0
email_eu_core,0.5,12,7,1.69231,1.69231,0.460628,0.460628,0,0,0,0,0,0,0
email_eu_core,0.5,12,8,1.69231,1.69231,0.458748,0.458748,0,0,0,0,0,0,0
email_eu_core,0.5,12,9,2.2,2.2,0.372760,0.372760,0,0,0,0,0,0,0
email_eu_core,0.5,12,10,2.2,2.2,0.371991,0.371991,0,0,0,0,0,0,0
email_eu_core,0.5,12,11,2.2,2.2,0.371365,0.371365,0,0,0,0,0,0,0
email_eu_core,0.5,12,12,2.2,2.2,0.370845,0.370845,0,0,0,0,0,0,0
email_eu_core,0.5,12,13,2.4,2.4,0.345242,0.345242,0,0,0,0,0,0,0
email_eu_core,0.5,12,14,2.4,2.4,0.344917,0.344917,0,0,0,0,0,0,0
email_eu_core,0.5,12,15,2.4,2.4,0.344635,0.344635,0,0,0,0,0,0,0
email_eu_core,0.5,12,16,2.75,2.75,0.307767,0.307767,0,0,0,0,0,0,0
email_eu_core,0.5,12,17,2.75,2.75,0.307593,0.307593,0,0,0,0,0,0,0
email_eu_core,0.5,12,18,2.75,2.75,0.307440,0.307440,0,0,0,0,0,0,0
email_eu_core,0.5,12,19,2.75,2.75,0.307302,0.307302,0,0,0,0,0,0,0
email_eu_core,0.5,12,20,2.75,2.75,0.307178,0.307178,0,0,0,0,0,0,0
email_eu_core,0.5,12,21,2.75,inf,0.307067,0.000000,1,1,1,1,0,1,1
email_eu_core,0.5,12,22,2.75,inf,0.306965,0.000000,1,1,1,1,0,1,1
email_eu_core,0.5,12,23,2.75,inf,0.306873,0.000000,1,1,1,1,0,1,1
email_eu_core,0.5,12,24,4,inf,0.222220,0.000000,1,1,1,1,0,1,1
email_eu_core,0.5,12,25,4,inf,0.222179,0.000000,1,1,1,1,0,1,1
email_eu_core,0.5,12,26,4,inf,0.222141,0.000000,1,1,1,1,0,1,1
email_eu_core,0.5,12,27,4,inf,0.222106,0.000000,1,1,1,1,0,1,1
email_eu_core,0.5,12,28,4,inf,0.222073,0.000000,1,1,1,1,0,1,1
email_eu_core,0.5,12,29,4,inf,0.222043,0.000000,1,1,1,1,0,1,1
email_eu_core,0.5,12,30,4,inf,0.222015,0.000000,1,1,1,1,0,1,1
facebook_artist,0.5,0,1,1.00478,1.00478,0.995238,0.995238,0,0,0,0,0,0,0
facebook_artist,0.5,0,2,1.00478,1.00478,0.747613,0.747613,0,0,0,0,0,0,0
facebook_artist,0.5,0,3,1.00478,1.00478,0.701582,0.701582,0,0,0,0,0,0,0
facebook_artist,0.5,0,4,1.2335,1.2335,0.595851,0.595851,0,0,0,0,0,0,0
facebook_artist,0.5,0,5,1.2335,1.2335,0.587088,0.587088,0,0,0,0,0,0,0
facebook_artist,0.5,0,6,1.2335,1.2335,0.581452,0.581452,0,0,0,0,0,0,0
facebook_artist,0.5,0,7,1.2335,1.2335,0.577521,0.577521,0,0,0,0,0,0,0
facebook_artist,0.5,0,8,1.2335,1.2335,0.574624,0.574624,0,0,0,0,0,0,0
facebook_artist,0.5,0,9,1.2335,1.2335,0.572399,0.572399,0,0,0,0,0,0,0
facebook_artist,0.5,0,10,1.2335,1.2335,0.570637,0.570637,0,0,0,0,0,0,0
facebook_artist,0.5,0,11,1.34,1.34,0.538277,0.538277,0,0,0,0,0,0,0
facebook_artist,0.5,0,12,1.39791,1.39791,0.521723,0.521723,0,0,0,0,0,0,0
facebook_artist,0.5,0,13,1.39791,1.39791,0.520874,0.520874,0,0,0,0,0,0,0
facebook_artist,0.5,0,14,1.39791,1.39791,0.520149,0.520149,0,0,0,0,0,0,0
facebook_artist,0.5,0,15,1.39791,1.39791,0.519523,0.519523,0,0,0,0,0,0,0
facebook_artist,0.5,0,16,1.43686,1.43686,0.509118,0.509118,0,0,0,0,0,0,0
facebook_artist,0.5,0,17,1.43686,1.43686,0.508655,0.508655,0,0,0,0,0,0,0
facebook_artist,0.5,0,18,1.43686,1.43686,0.508245,0.508245,0,0,0,0,0,0,0
facebook_artist,0.5,0,19,1.43686,1.43686,0.507878,0.507878,0,0,0,0,0,0,0
facebook_artist,0.5,0,20,1.43686,1.43686,0.507549,0.507549,0,0,0,0,0,0,0
facebook_artist,0.5,0,21,1.43686,1.43686,0.507251,0.507251,0,0,0,0,0,0,0
facebook_artist,0.5,0,22,1.43686,1.43686,0.506981,0.506981,0,0,0,0,0,0,0
facebook_artist,0.5,0,23,1.43686,1.43686,0.506735,0.506735,0,0,0,0,0,0,0
facebook_artist,0.5,0,24,1.43686,1.43686,0.506510,0.506510,0,0,0,0,0,0,0
facebook_artist,0.5,0,25,1.43686,1.43686,0.506303,0.506303,0,0,0,0,0,0,0
facebook_artist,0.5,0,26,1.43686,1.43686,0.506112,0.506112,0,0,0,0,0,0,0
facebook_artist,0.5,0,27,1.45614,1.45614,0.501241,0.501241,0,0,0,0,0,0,0
facebook_artist,0.5,0,28,1.45614,1.45614,0.501080,0.501080,0,0,0,0,0,0,0
facebook_artist,0.5,0,29,1.45614,1.45614,0.500930,0.500930,0,0,0,0,0,0,0
facebook_artist,0.5,0,30,1.45614,1.45614,0.500790,0.500790,0,0,0,0,0,0,0
facebook_government,0.5,0,1,1,1,1.000000,1.000000,0,0,0,0,0,0,0
facebook_government,0.5,0,2,1,1,0.750000,0.750000,0,0,0,0,0,0,0
facebook_government,0.5,0,3,1,1,0.703704,0.703704,0,0,0,0,0,0,0
facebook_government,0.5,0,4,1.84615,1.84615,0.441237,0.441237,0,0,0,0,0,0,0
facebook_government,0.5,0,5,1.84615,1.84615,0.436346,0.436346,0,0,0,0,0,0,0
facebook_government,0.5,0,6,1.84615,1.84615,0.433170,0.433170,0,0,0,0,0,0,0
facebook_government,0.5,0,7,1.84615,1.84615,0.430941,0.430941,0,0,0,0,0,0,0
facebook_government,0.5,0,8,1.84615,1.84615,0.429291,0.429291,0,0,0,0,0,0,0
facebook_government,0.5,0,9,1.84615,inf,0.428020,0.000000,1,1,1,1,0,1,1
facebook_government,0.5,0,10,1.84615,inf,0.427011,0.000000,1,1,1,1,0,1,1
facebook_government,0.5,0,11,1.84615,inf,0.426190,0.000000,1,1,1,1,0,1,1
facebook_government,0.5,0,12,1.84615,inf,0.425510,0.000000,1,1,1,1,0,1,1
facebook_government,0.5,0,13,1.85938,inf,0.422621,0.000000,1,1,1,1,0,1,1
facebook_government,0.5,0,14,1.85938,inf,0.422137,0.000000,1,1,1,1,0,1,1
facebook_government,0.5,0,15,1.85938,inf,0.421718,0.000000,1,1,1,1,0,1,1
facebook_government,0.5,0,16,1.85938,inf,0.421353,0.000000,1,1,1,1,0,1,1
facebook_government,0.5,0,17,1.85938,inf,0.421031,0.000000,1,1,1,1,0,1,1
facebook_government,0.5,0,18,1.85938,inf,0.420746,0.000000,1,1,1,1,0,1,1
facebook_government,0.5,0,19,1.95833,inf,0.404066,0.000000,1,1,1,1,0,1,1
facebook_government,0.5,0,20,3.48148,inf,0.251225,0.000000,1,1,1,1,0,1,1
facebook_government,0.5,0,21,3.48148,inf,0.251150,0.000000,1,1,1,1,0,1,1
facebook_government,0.5,0,22,3.48148,inf,0.251082,0.000000,1,1,1,1,0,1,1
facebook_government,0.5,0,23,3.48148,inf,0.251020,0.000000,1,1,1,1,0,1,1
facebook_government,0.5,0,24,4.29412,inf,0.208649,0.000000,1,1,1,1,0,1,1
facebook_government,0.5,0,25,4.29412,inf,0.208613,0.000000,1,1,1,1,0,1,1
facebook_government,0.5,0,26,4.29412,inf,0.208580,0.000000,1,1,1,1,0,1,1
facebook_government,0.5,0,27,4.29412,inf,0.208549,0.000000,1,1,1,1,0,1,1
facebook_government,0.5,0,28,4.29412,inf,0.208520,0.000000,1,1,1,1,0,1,1
facebook_government,0.5,0,29,4.29412,inf,0.208493,0.000000,1,1,1,1,0,1,1
facebook_government,0.5,0,30,4.29412,inf,0.208468,0.000000,1,1,1,1,0,1,1
facebook_government,0.5,1,1,1,1,1.000000,1.000000,0,0,0,0,0,0,0
facebook_government,0.5,1,2,1,1,0.750000,0.750000,0,0,0,0,0,0,0
facebook_government,0.5,1,3,1,1,0.703704,0.703704,0,0,0,0,0,0,0
facebook_government,0.5,1,4,1.84615,1.84615,0.441237,0.441237,0,0,0,0,0,0,0
facebook_government,0.5,1,5,1.84615,1.84615,0.436346,0.436346,0,0,0,0,0,0,0
facebook_government,0.5,1,6,1.84615,1.84615,0.433170,0.433170,0,0,0,0,0,0,0
facebook_government,0.5,1,7,1.84615,1.84615,0.430941,0.430941,0,0,0,0,0,0,0
facebook_government,0.5,1,8,1.84615,1.84615,0.429291,0.429291,0,0,0,0,0,0,0
facebook_government,0.5,1,9,2.55319,2.55319,0.329978,0.329978,0,0,0,0,0,0,0
facebook_government,0.5,1,10,2.55319,2.55319,0.329374,0.329374,0,0,0,0,0,0,0
facebook_government,0.5,1,11,2.55319,2.55319,0.328882,0.328882,0,0,0,0,0,0,0
facebook_government,0.5,1,12,2.55319,2.55319,0.328473,0.328473,0,0,0,0,0,0,0
facebook_government,0.5,1,13,2.55319,2.55319,0.328128,0.328128,0,0,0,0,0,0,0
facebook_government,0.5,1,14,2.55319,2.55319,0.327834,0.327834,0,0,0,0,0,0,0
facebook_government,0.5,1,15,2.55319,inf,0.327579,0.000000,1,1,1,1,0,1,1
facebook_government,0.5,1,16,2.55319,inf,0.327357,0.000000,1,1,1,1,0,1,1
facebook_government,0.5,1,17,2.55319,inf,0.327161,0.000000,1,1,1,1,0,1,1
facebook_government,0.5,1,18,5.15789,inf,0.177107,0.000000,1,1,1,1,0,1,1
facebook_government,0.5,1,19,5.15789,inf,0.177061,0.000000,1,1,1,1,0,1,1
facebook_government,0.5,1,20,5.15789,inf,0.177020,0.000000,1,1,1,1,0,1,1
facebook_government,0.5,1,21,5.15789,inf,0.176983,0.000000,1,1,1,1,0,1,1
facebook_government,0.5,1,22,5.15789,inf,0.176949,0.000000,1,1,1,1,0,1,1
facebook_government,0.5,1,23,5.15789,inf,0.176918,0.000000,1,1,1,1,0,1,1
facebook_government,0.5,1,24,5.15789,inf,0.176890,0.000000,1,1,1,1,0,1,1
facebook_government,0.5,1,25,5.15789,inf,0.176863,0.000000,1,1,1,1,0,1,1
facebook_government,0.5,1,26,5.15789,inf,0.176839,0.000000,1,1,1,1,0,1,1
facebook_government,0.5,1,27,5.15789,inf,0.176817,0.000000,1,1,1,1,0,1,1
facebook_government,0.5,1,28,5.15789,inf,0.176797,0.000000,1,1,1,1,0,1,1
facebook_government,0.5,1,29,5.15789,inf,0.176777,0.000000,1,1,1,1,0,1,1
facebook_government,0.5,1,30,5.15789,inf,0.176759,0.000000,1,1,1,1,0,1,1
facebook_government,0.5,2,1,1,1,1.000000,1.000000,0,0,0,0,0,0,0
facebook_government,0.5,2,2,1,1,0.750000,0.750000,0,0,0,0,0,0,0
facebook_government,0.5,2,3,1,1,0.703704,0.703704,0,0,0,0,0,0,0
facebook_government,0.5,2,4,1.84615,1.84615,0.441237,0.441237,0,0,0,0,0,0,0
facebook_government,0.5,2,5,2.32632,2.32632,0.362037,0.362037,0,0,0,0,0,0,0
facebook_government,0.5,2,6,2.32632,2.32632,0.359842,0.359842,0,0,0,0,0,0,0
facebook_government,0.5,2,7,2.32632,2.32632,0.358297,0.358297,0,0,0,0,0,0,0
facebook_government,0.5,2,8,2.32632,2.32632,0.357150,0.357150,0,0,0,0,0,0,0
facebook_government,0.5,2,9,2.32632,2.32632,0.356266,0.356266,0,0,0,0,0,0,0
facebook_government,0.5,2,10,2.32632,2.32632,0.355562,0.355562,0,0,0,0,0,0,0
facebook_government,0.5,2,11,2.32632,2.32632,0.354990,0.354990,0,0,0,0,0,0,0
facebook_government,0.5,2,12,2.32632,inf,0.354514,0.000000,1,1,1,1,0,1,1
facebook_government,0.5,2,13,2.32632,inf,0.354114,0.000000,1,1,1,1,0,1,1
facebook_government,0.5,2,14,2.32632,inf,0.353771,0.000000,1,1,1,1,0,1,1
facebook_government,0.5,2,15,2.32632,inf,0.353475,0.000000,1,1,1,1,0,1,1
facebook_government,0.5,2,16,2.32632,inf,0.353217,0.000000,1,1,1,1,0,1,1
facebook_government,0.5,2,17,2.32632,inf,0.352989,0.000000,1,1,1,1,0,1,1
facebook_government,0.5,2,18,2.32632,inf,0.352787,0.000000,1,1,1,1,0,1,1
facebook_government,0.5,2,19,2.63889,inf,0.318035,0.000000,1,1,1,1,0,1,1
facebook_government,0.5,2,20,2.63889,inf,0.317903,0.000000,1,1,1,1,0,1,1
facebook_government,0.5,2,21,2.63889,inf,0.317783,0.000000,1,1,1,1,0,1,1
facebook_government,0.5,2,22,2.63889,inf,0.317675,0.000000,1,1,1,1,0,1,1
facebook_government,0.5,2,23,2.63889,inf,0.317576,0.000000,1,1,1,1,0,1,1
facebook_government,0.5,2,24,2.63889,inf,0.317485,0.000000,1,1,1,1,0,1,1
facebook_government,0.5,2,25,2.63889,inf,0.317402,0.000000,1,1,1,1,0,1,1
facebook_government,0.5,2,26,2.63889,inf,0.317325,0.000000,1,1,1,1,0,1,1
facebook_government,0.5,2,27,2.63889,inf,0.317254,0.000000,1,1,1,1,0,1,1
facebook_government,0.5,2,28,2.63889,inf,0.317188,0.000000,1,1,1,1,0,1,1
facebook_government,0.5,2,29,4.05882,inf,0.219195,0.000000,1,1,1,1,0,1,1
facebook_government,0.5,2,30,4.05882,inf,0.219167,0.000000,1,1,1,1,0,1,1
facebook_government,0.5,3,1,1,1,1.000000,1.000000,0,0,0,0,0,0,0
facebook_government,0.5,3,2,1,1,0.750000,0.750000,0,0,0,0,0,0,0
facebook_government,0.5,3,3,1,1,0.703704,0.703704,0,0,0,0,0,0,0
facebook_government,0.5,3,4,1,1,0.683594,0.683594,0,0,0,0,0,0,0
facebook_government,0.5,3,5,1.28829,1.28829,0.569816,0.569816,0,0,0,0,0,0,0
facebook_government,0.5,3,6,1.28829,1.28829,0.564488,0.564488,0,0,0,0,0,0,0
facebook_government,0.5,3,7,1.28829,1.28829,0.560770,0.560770,0,0,0,0,0,0,0
facebook_government,0.5,3,8,1.29524,1.29524,0.555986,0.555986,0,0,0,0,0,0,0
facebook_government,0.5,3,9,5.23077,5.23077,0.175713,0.175713,0,0,0,0,0,0,0
facebook_government,0.5,3,10,5.23077,5.23077,0.175541,0.175541,0,0,0,0,0,0,0
facebook_government,0.5,3,11,5.23077,5.23077,0.175400,0.175400,0,0,0,0,0,0,0
facebook_government,0.5,3,12,5.23077,5.23077,0.175284,0.175284,0,0,0,0,0,0,0
facebook_government,0.5,3,13,118,118,0.008442,0.008442,0,0,0,0,0,0,0
facebook_government,0.5,3,14,118,118,0.008441,0.008441,0,0,0,0,0,0,0
facebook_government,0.5,3,15,118,118,0.008441,0.008441,0,0,0,0,0,0,0
facebook_government,0.5,3,16,118,118,0.008441,0.008441,0,0,0,0,0,0,0
facebook_government,0.5,3,17,118,118,0.008441,0.008441,0,0,0,0,0,0,0
facebook_government,0.5,3,18,118,118,0.008441,0.008441,0,0,0,0,0,0,0
facebook_government,0.5,3,19,118,118,0.008441,0.008441,0,0,0,0,0,0,0
facebook_government,0.5,3,20,118,118,0.008441,0.008441,0,0,0,0,0,0,0
facebook_government,0.5,3,21,118,118,0.008440,0.008440,0,0,0,0,0,0,0
facebook_government,0.5,3,22,118,118,0.008440,0.008440,0,0,0,0,0,0,0
facebook_government,0.5,3,23,118,118,0.008440,0.008440,0,0,0,0,0,0,0
facebook_government,0.5,3,24,118,118,0.008440,0.008440,0,0,0,0,0,0,0
facebook_government,0.5,3,25,118,118,0.008440,0.008440,0,0,0,0,0,0,0
facebook_government,0.5,3,26,118,118,0.008440,0.008440,0,0,0,0,0,0,0
facebook_government,0.5,3,27,118,118,0.008440,0.008440,0,0,0,0,0,0,0
facebook_government,0.5,3,28,118,118,0.008440,0.008440,0,0,0,0,0,0,0
facebook_government,0.5,3,29,118,118,0.008440,0.008440,0,0,0,0,0,0,0
facebook_government,0.5,3,30,118,118,0.008440,0.008440,0,0,0,0,0,0,0
facebook_government,0.5,7,1,1,1,1.000000,1.000000,0,0,0,0,0,0,0
facebook_government,0.5,7,2,1,1,0.750000,0.750000,0,0,0,0,0,0,0
facebook_government,0.5,7,3,1,1,0.703704,0.703704,0,0,0,0,0,0,0
facebook_government,0.5,7,4,1.84615,1.84615,0.441237,0.441237,0,0,0,0,0,0,0
facebook_government,0.5,7,5,1.84615,1.84615,0.436346,0.436346,0,0,0,0,0,0,0
facebook_government,0.5,7,6,1.84615,1.84615,0.433170,0.433170,0,0,0,0,0,0,0
facebook_government,0.5,7,7,1.84615,1.84615,0.430941,0.430941,0,0,0,0,0,0,0
facebook_government,0.5,7,8,1.84615,1.84615,0.429291,0.429291,0,0,0,0,0,0,0
facebook_government,0.5,7,9,1.84615,inf,0.428020,0.000000,1,1,1,1,0,1,1
facebook_government,0.5,7,10,1.84615,inf,0.427011,0.000000,1,1,1,1,0,1,1
facebook_government,0.5,7,11,1.84615,inf,0.426190,0.000000,1,1,1,1,0,1,1
facebook_government,0.5,7,12,1.84615,inf,0.425510,0.000000,1,1,1,1,0,1,1
facebook_government,0.5,7,13,1.84615,inf,0.424937,0.000000,1,1,1,1,0,1,1
facebook_government,0.5,7,14,1.84615,inf,0.424447,0.000000,1,1,1,1,0,1,1
facebook_government,0.5,7,15,1.84615,inf,0.424024,0.000000,1,1,1,1,0,1,1
facebook_government,0.5,7,16,2.0625,inf,0.388809,0.000000,1,1,1,1,0,1,1
facebook_government,0.5,7,17,2.0625,inf,0.388535,0.000000,1,1,1,1,0,1,1
facebook_government,0.5,7,18,4.125,inf,0.216568,0.000000,1,1,1,1,0,1,1
facebook_government,0.5,7,19,4.125,inf,0.216500,0.000000,1,1,1,1,0,1,1
facebook_government,0.5,7,20,4.125,inf,0.216438,0.000000,1,1,1,1,0,1,1
facebook_government,0.5,7,21,4.125,inf,0.216383,0.000000,1,1,1,1,0,1,1
facebook_government,0.5,7,22,6.53333,inf,0.142382,0.000000,1,1,1,1,0,1,1
facebook_government,0.5,7,23,6.53333,inf,0.142362,0.000000,1,1,1,1,0,1,1
facebook_government,0.5,7,24,6.53333,inf,0.142343,0.000000,1,1,1,1,0,1,1
facebook_government,0.5,7,25,6.53333,inf,0.142326,0.000000,1,1,1,1,0,1,1
facebook_government,0.5,7,26,6.53333,inf,0.142311,0.000000,1,1,1,1,0,1,1
facebook_government,0.5,7,27,6.53333,inf,0.142296,0.000000,1,1,1,1,0,1,1
facebook_government,0.5,7,28,6.53333,inf,0.142283,0.000000,1,1,1,1,0,1,1
facebook_government,0.5,7,29,6.53333,inf,0.142271,0.000000,1,1,1,1,0,1,1
facebook_government,0.5,7,30,6.53333,inf,0.142259,0.000000,1,1,1,1,0,1,1
facebook_government,0.5,9,1,1,1,1.000000,1.000000,0,0,0,0,0,0,0
facebook_government,0.5,9,2,1,1,0.750000,0.750000,0,0,0,0,0,0,0
facebook_government,0.5,9,3,1.89362,1.89362,0.440585,0.440585,0,0,0,0,0,0,0
facebook_government,0.5,9,4,1.89362,1.89362,0.432411,0.432411,0,0,0,0,0,0,0
facebook_government,0.5,9,5,1.89362,1.89362,0.427711,0.427711,0,0,0,0,0,0,0
facebook_government,0.5,9,6,1.89362,1.89362,0.424658,0.424658,0,0,0,0,0,0,0
facebook_government,0.5,9,7,1.89362,inf,0.422515,0.000000,1,1,1,1,0,1,1
facebook_government,0.5,9,8,1.89362,inf,0.420927,0.000000,1,1,1,1,0,1,1
facebook_government,0.5,9,9,1.89362,inf,0.419704,0.000000,1,1,1,1,0,1,1
facebook_government,0.5,9,10,1.89362,inf,0.418733,0.000000,1,1,1,1,0,1,1
facebook_government,0.5,9,11,1.89362,inf,0.417943,0.000000,1,1,1,1,0,1,1
facebook_government,0.5,9,12,1.89362,inf,0.417288,0.000000,1,1,1,1,0,1,1
facebook_government,0.5,9,13,1.89362,inf,0.416736,0.000000,1,1,1,1,0,1,1
facebook_government,0.5,9,14,1.89362,inf,0.416265,0.000000,1,1,1,1,0,1,1
facebook_government,0.5,9,15,4.71429,inf,0.192357,0.000000,1,1,1,1,0,1,1
facebook_government,0.5,9,16,4.71429,inf,0.192280,0.000000,1,1,1,1,0,1,1
facebook_government,0.5,9,17,4.71429,inf,0.192212,0.000000,1,1,1,1,0,1,1
facebook_government,0.5,9,18,4.71429,inf,0.192152,0.000000,1,1,1,1,0,1,1
facebook_government,0.5,9,19,4.71429,inf,0.192098,0.000000,1,1,1,1,0,1,1
facebook_government,0.5,9,20,4.71429,inf,0.192049,0.000000,1,1,1,1,0,1,1
facebook_government,0.5,9,21,4.71429,inf,0.192005,0.000000,1,1,1,1,0,1,1
facebook_government,0.5,9,22,4.71429,inf,0.191965,0.000000,1,1,1,1,0,1,1
facebook_government,0.5,9,23,4.71429,inf,0.191929,0.000000,1,1,1,1,0,1,1
facebook_government,0.5,9,24,4.71429,inf,0.191896,0.000000,1,1,1,1,0,1,1
facebook_government,0.5,9,25,4.71429,inf,0.191865,0.000000,1,1,1,1,0,1,1
facebook_government,0.5,9,26,4.71429,inf,0.191837,0.000000,1,1,1,1,0,1,1
facebook_government,0.5,9,27,4.71429,inf,0.191811,0.000000,1,1,1,1,0,1,1
facebook_government,0.5,9,28,4.71429,inf,0.191786,0.000000,1,1,1,1,0,1,1
facebook_government,0.5,9,29,4.71429,inf,0.191764,0.000000,1,1,1,1,0,1,1
facebook_government,0.5,9,30,4.71429,inf,0.191743,0.000000,1,1,1,1,0,1,1
facebook_government,0.5,10,1,1,1,1.000000,1.000000,0,0,0,0,0,0,0
facebook_government,0.5,10,2,1,1,0.750000,0.750000,0,0,0,0,0,0,0
facebook_government,0.5,10,3,1,1,0.703704,0.703704,0,0,0,0,0,0,0
facebook_government,0.5,10,4,1.84615,1.84615,0.441237,0.441237,0,0,0,0,0,0,0
facebook_government,0.5,10,5,1.84615,1.84615,0.436346,0.436346,0,0,0,0,0,0,0
facebook_government,0.5,10,6,1.84615,1.84615,0.433170,0.433170,0,0,0,0,0,0,0
facebook_government,0.5,10,7,1.84615,1.84615,0.430941,0.430941,0,0,0,0,0,0,0
facebook_government,0.5,10,8,1.84615,1.84615,0.429291,0.429291,0,0,0,0,0,0,0
facebook_government,0.5,10,9,1.84615,1.84615,0.428020,0.428020,0,0,0,0,0,0,0
facebook_government,0.5,10,10,1.84615,1.84615,0.427011,0.427011,0,0,0,0,0,0,0
facebook_government,0.5,10,11,1.84615,1.84615,0.426190,0.426190,0,0,0,0,0,0,0
facebook_government,0.5,10,12,1.84615,1.84615,0.425510,0.425510,0,0,0,0,0,0,0
facebook_government,0.5,10,13,1.84615,inf,0.424937,0.000000,1,1,1,1,0,1,1
facebook_government,0.5,10,14,1.84615,inf,0.424447,0.000000,1,1,1,1,0,1,1
facebook_government,0.5,10,15,1.84615,inf,0.424024,0.000000,1,1,1,1,0,1,1
facebook_government,0.5,10,16,3.96,inf,0.224726,0.000000,1,1,1,1,0,1,1
facebook_government,0.5,10,17,3.96,inf,0.224634,0.000000,1,1,1,1,0,1,1
facebook_government,0.5,10,18,3.96,inf,0.224551,0.000000,1,1,1,1,0,1,1
facebook_government,0.5,10,19,3.96,inf,0.224478,0.000000,1,1,1,1,0,1,1
facebook_government,0.5,10,20,3.96,inf,0.224411,0.000000,1,1,1,1,0,1,1
facebook_government,0.5,10,21,3.96,inf,0.224352,0.000000,1,1,1,1,0,1,1
facebook_government,0.5,10,22,3.96,inf,0.224297,0.000000,1,1,1,1,0,1,1
facebook_government,0.5,10,23,3.96,inf,0.224248,0.000000,1,1,1,1,0,1,1
facebook_government,0.5,10,24,3.96,inf,0.224202,0.000000,1,1,1,1,0,1,1
facebook_government,0.5,10,25,3.96,inf,0.224160,0.000000,1,1,1,1,0,1,1
facebook_government,0.5,10,26,3.96,inf,0.224122,0.000000,1,1,1,1,0,1,1
facebook_government,0.5,10,27,3.96,inf,0.224086,0.000000,1,1,1,1,0,1,1
facebook_government,0.5,10,28,3.96,inf,0.224053,0.000000,1,1,1,1,0,1,1
facebook_government,0.5,10,29,3.96,inf,0.224022,0.000000,1,1,1,1,0,1,1
facebook_government,0.5,10,30,3.96,inf,0.223993,0.000000,1,1,1,1,0,1,1
facebook_government,0.5,15,1,1,1,1.000000,1.000000,0,0,0,0,0,0,0
facebook_government,0.5,15,2,1,1,0.750000,0.750000,0,0,0,0,0,0,0
facebook_government,0.5,15,3,1,1,0.703704,0.703704,0,0,0,0,0,0,0
facebook_government,0.5,15,4,1.84615,1.84615,0.441237,0.441237,0,0,0,0,0,0,0
facebook_government,0.5,15,5,1.84615,1.84615,0.436346,0.436346,0,0,0,0,0,0,0
facebook_government,0.5,15,6,1.84615,1.84615,0.433170,0.433170,0,0,0,0,0,0,0
facebook_government,0.5,15,7,1.84615,1.84615,0.430941,0.430941,0,0,0,0,0,0,0
facebook_government,0.5,15,8,1.84615,1.84615,0.429291,0.429291,0,0,0,0,0,0,0
facebook_government,0.5,15,9,6.47619,6.47619,0.144228,0.144228,0,0,0,0,0,0,0
facebook_government,0.5,15,10,6.47619,6.47619,0.144112,0.144112,0,0,0,0,0,0,0
facebook_government,0.5,15,11,6.47619,6.47619,0.144018,0.144018,0,0,0,0,0,0,0
facebook_government,0.5,15,12,6.47619,inf,0.143939,0.000000,1,1,1,1,0,1,1
facebook_government,0.5,15,13,6.47619,inf,0.143873,0.000000,1,1,1,1,0,1,1
facebook_government,0.5,15,14,6.47619,inf,0.143816,0.000000,1,1,1,1,0,1,1
facebook_government,0.5,15,15,6.47619,inf,0.143766,0.000000,1,1,1,1,0,1,1
facebook_government,0.5,15,16,6.47619,inf,0.143723,0.000000,1,1,1,1,0,1,1
facebook_government,0.5,15,17,6.47619,inf,0.143685,0.000000,1,1,1,1,0,1,1
facebook_government,0.5,15,18,6.47619,inf,0.143652,0.000000,1,1,1,1,0,1,1
facebook_government,0.5,15,19,6.47619,inf,0.143621,0.000000,1,1,1,1,0,1,1
facebook_government,0.5,15,20,6.47619,inf,0.143594,0.000000,1,1,1,1,0,1,1
facebook_government,0.5,15,21,6.47619,inf,0.143570,0.000000,1,1,1,1,0,1,1
facebook_government,0.5,15,22,6.47619,inf,0.143547,0.000000,1,1,1,1,0,1,1
facebook_government,0.5,15,23,6.47619,inf,0.143527,0.000000,1,1,1,1,0,1,1
facebook_government,0.5,15,24,6.47619,inf,0.143508,0.000000,1,1,1,1,0,1,1
facebook_government,0.5,15,25,6.47619,inf,0.143491,0.000000,1,1,1,1,0,1,1
facebook_government,0.5,15,26,6.47619,inf,0.143475,0.000000,1,1,1,1,0,1,1
facebook_government,0.5,15,27,6.47619,inf,0.143461,0.000000,1,1,1,1,0,1,1
facebook_government,0.5,15,28,6.47619,inf,0.143447,0.000000,1,1,1,1,0,1,1
facebook_government,0.5,15,29,6.47619,inf,0.143434,0.000000,1,1,1,1,0,1,1
facebook_government,0.5,15,30,6.47619,inf,0.143423,0.000000,1,1,1,1,0,1,1
facebook_government,0.5,16,1,1,1,1.000000,1.000000,0,0,0,0,0,0,0
facebook_government,0.5,16,2,1,1,0.750000,0.750000,0,0,0,0,0,0,0
facebook_government,0.5,16,3,1.89362,1.89362,0.440585,0.440585,0,0,0,0,0,0,0
facebook_government,0.5,16,4,1.89362,1.89362,0.432411,0.432411,0,0,0,0,0,0,0
facebook_government,0.5,16,5,1.89362,1.89362,0.427711,0.427711,0,0,0,0,0,0,0
facebook_government,0.5,16,6,1.89362,1.89362,0.424658,0.424658,0,0,0,0,0,0,0
facebook_government,0.5,16,7,1.89362,1.89362,0.422515,0.422515,0,0,0,0,0,0,0
facebook_government,0.5,16,8,1.89362,1.89362,0.420927,0.420927,0,0,0,0,0,0,0
facebook_government,0.5,16,9,1.89362,1.89362,0.419704,0.419704,0,0,0,0,0,0,0
facebook_government,0.5,16,10,1.89362,1.89362,0.418733,0.418733,0,0,0,0,0,0,0
facebook_government,0.5,16,11,1.89362,1.89362,0.417943,0.417943,0,0,0,0,0,0,0
facebook_government,0.5,16,12,6.55556,6.55556,0.142317,0.142317,0,0,0,0,0,0,0
facebook_government,0.5,16,13,6.55556,6.55556,0.142252,0.142252,0,0,0,0,0,0,0
facebook_government,0.5,16,14,6.55556,inf,0.142196,0.000000,1,1,1,1,0,1,1
facebook_government,0.5,16,15,6.55556,inf,0.142148,0.000000,1,1,1,1,0,1,1
facebook_government,0.5,16,16,6.55556,inf,0.142106,0.000000,1,1,1,1,0,1,1
facebook_government,0.5,16,17,6.55556,inf,0.142068,0.000000,1,1,1,1,0,1,1
facebook_government,0.5,16,18,6.55556,inf,0.142035,0.000000,1,1,1,1,0,1,1
facebook_government,0.5,16,19,6.55556,inf,0.142006,0.000000,1,1,1,1,0,1,1
facebook_government,0.5,16,20,6.55556,inf,0.141979,0.000000,1,1,1,1,0,1,1
facebook_government,0.5,16,21,6.55556,inf,0.141955,0.000000,1,1,1,1,0,1,1
facebook_government,0.5,16,22,6.55556,inf,0.141933,0.000000,1,1,1,1,0,1,1
facebook_government,0.5,16,23,6.55556,inf,0.141914,0.000000,1,1,1,1,0,1,1
facebook_government,0.5,16,24,6.55556,inf,0.141895,0.000000,1,1,1,1,0,1,1
facebook_government,0.5,16,25,6.55556,inf,0.141879,0.000000,1,1,1,1,0,1,1
facebook_government,0.5,16,26,6.55556,inf,0.141863,0.000000,1,1,1,1,0,1,1
facebook_government,0.5,16,27,6.55556,inf,0.141849,0.000000,1,1,1,1,0,1,1
facebook_government,0.5,16,28,6.55556,inf,0.141835,0.000000,1,1,1,1,0,1,1
facebook_government,0.5,16,29,6.55556,inf,0.141823,0.000000,1,1,1,1,0,1,1
facebook_government,0.5,16,30,6.55556,inf,0.141812,0.000000,1,1,1,1,0,1,1
facebook_government,0.5,17,1,1,1,1.000000,1.000000,0,0,0,0,0,0,0
facebook_government,0.5,17,2,1,1,0.750000,0.750000,0,0,0,0,0,0,0
facebook_government,0.5,17,3,1,1,0.703704,0.703704,0,0,0,0,0,0,0
facebook_government,0.5,17,4,1.84615,1.84615,0.441237,0.441237,0,0,0,0,0,0,0
facebook_government,0.5,17,5,1.84615,1.84615,0.436346,0.436346,0,0,0,0,0,0,0
facebook_government,0.5,17,6,1.84615,1.84615,0.433170,0.433170,0,0,0,0,0,0,0
facebook_government,0.5,17,7,1.84615,1.84615,0.430941,0.430941,0,0,0,0,0,0,0
facebook_government,0.5,17,8,1.84615,1.84615,0.429291,0.429291,0,0,0,0,0,0,0
facebook_government,0.5,17,9,1.84615,inf,0.428020,0.000000,1,1,1,1,0,1,1
facebook_government,0.5,17,10,1.84615,inf,0.427011,0.000000,1,1,1,1,0,1,1
facebook_government,0.5,17,11,1.84615,inf,0.426190,0.000000,1,1,1,1,0,1,1
facebook_government,0.5,17,12,1.84615,inf,0.425510,0.000000,1,1,1,1,0,1,1
facebook_government,0.5,17,13,5.95,inf,0.155629,0.000000,1,1,1,1,0,1,1
facebook_government,0.5,17,14,5.95,inf,0.155562,0.000000,1,1,1,1,0,1,1
facebook_government,0.5,17,15,5.95,inf,0.155505,0.000000,1,1,1,1,0,1,1
facebook_government,0.5,17,16,5.95,inf,0.155454,0.000000,1,1,1,1,0,1,1
facebook_government,0.5,17,17,5.95,inf,0.155410,0.000000,1,1,1,1,0,1,1
facebook_government,0.5,17,18,5.95,inf,0.155370,0.000000,1,1,1,1,0,1,1
facebook_government,0.5,17,19,5.95,inf,0.155335,0.000000,1,1,1,1,0,1,1
facebook_government,0.5,17,20,5.95,inf,0.155303,0.000000,1,1,1,1,0,1,1
facebook_government,0.5,17,21,5.95,inf,0.155274,0.000000,1,1,1,1,0,1,1
facebook_government,0.5,17,22,5.95,inf,0.155248,0.000000,1,1,1,1,0,1,1
facebook_government,0.5,17,23,5.95,inf,0.155224,0.000000,1,1,1,1,0,1,1
facebook_government,0.5,17,24,5.95,inf,0.155203,0.000000,1,1,1,1,0,1,1
facebook_government,0.5,17,25,5.95,inf,0.155183,0.000000,1,1,1,1,0,1,1
facebook_government,0.5,17,26,5.95,inf,0.155164,0.000000,1,1,1,1,0,1,1
facebook_government,0.5,17,27,5.95,inf,0.155147,0.000000,1,1,1,1,0,1,1
facebook_government,0.5,17,28,5.95,inf,0.155131,0.000000,1,1,1,1,0,1,1
facebook_government,0.5,17,29,5.95,inf,0.155116,0.000000,1,1,1,1,0,1,1
facebook_government,0.5,17,30,5.95,inf,0.155102,0.000000,1,1,1,1,0,1,1
facebook_government,0.5,19,1,1,1,1.000000,1.000000,0,0,0,0,0,0,0
facebook_government,0.5,19,2,1,1,0.750000,0.750000,0,0,0,0,0,0,0
facebook_government,0.5,19,3,1,1,0.703704,0.703704,0,0,0,0,0,0,0
facebook_government,0.5,19,4,1.84615,1.84615,0.441237,0.441237,0,0,0,0,0,0,0
facebook_government,0.5,19,5,1.84615,1.84615,0.436346,0.436346,0,0,0,0,0,0,0
facebook_government,0.5,19,6,1.84615,1.84615,0.433170,0.433170,0,0,0,0,0,0,0
facebook_government,0.5,19,7,1.84615,1.84615,0.430941,0.430941,0,0,0,0,0,0,0
facebook_government,0.5,19,8,2.47273,2.47273,0.339654,0.339654,0,0,0,0,0,0,0
facebook_government,0.5,19,9,2.47273,2.47273,0.338853,0.338853,0,0,0,0,0,0,0
facebook_government,0.5,19,10,2.47273,2.47273,0.338216,0.338216,0,0,0,0,0,0,0
facebook_government,0.5,19,11,2.47273,2.47273,0.337698,0.337698,0,0,0,0,0,0,0
facebook_government,0.5,19,12,2.47273,2.47273,0.337267,0.337267,0,0,0,0,0,0,0
facebook_government,0.5,19,13,2.47273,2.47273,0.336904,0.336904,0,0,0,0,0,0,0
facebook_government,0.5,19,14,2.47273,2.47273,0.336594,0.336594,0,0,0,0,0,0,0
facebook_government,0.5,19,15,6.38889,6.38889,0.145590,0.145590,0,0,0,0,0,0,0
facebook_government,0.5,19,16,6.38889,6.38889,0.145546,0.145546,0,0,0,0,0,0,0
facebook_government,0.5,19,17,6.38889,6.38889,0.145507,0.145507,0,0,0,0,0,0,0
facebook_government,0.5,19,18,6.38889,6.38889,0.145472,0.145472,0,0,0,0,0,0,0
facebook_government,0.5,19,19,6.38889,6.38889,0.145441,0.145441,0,0,0,0,0,0,0
facebook_government,0.5,19,20,6.38889,6.38889,0.145413,0.145413,0,0,0,0,0,0,0
facebook_government,0.5,19,21,6.38889,inf,0.145388,0.000000,1,1,1,1,0,1,1
facebook_government,0.5,19,22,6.38889,inf,0.145365,0.000000,1,1,1,1,0,1,1
facebook_government,0.5,19,23,6.38889,inf,0.145344,0.000000,1,1,1,1,0,1,1
facebook_government,0.5,19,24,6.38889,inf,0.145325,0.000000,1,1,1,1,0,1,1
facebook_government,0.5,19,25,6.38889,inf,0.145308,0.000000,1,1,1,1,0,1,1
facebook_government,0.5,19,26,6.38889,inf,0.145291,0.000000,1,1,1,1,0,1,1
facebook_government,0.5,19,27,6.38889,inf,0.145276,0.000000,1,1,1,1,0,1,1
facebook_government,0.5,19,28,6.38889,inf,0.145262,0.000000,1,1,1,1,0,1,1
facebook_government,0.5,19,29,6.38889,inf,0.145249,0.000000,1,1,1,1,0,1,1
facebook_government,0.5,19,30,6.38889,inf,0.145237,0.000000,1,1,1,1,0,1,1
facebook_politician,0.3,0,1,1,1,1.000000,1.000000,0,0,0,0,0,0,0
facebook_politician,0.3,0,2,1.01339,1.01339,0.743348,0.743348,0,0,0,0,0,0,0
facebook_politician,0.3,0,3,1.02791,1.02791,0.691473,0.691473,0,0,0,0,0,0,0
facebook_politician,0.3,0,4,1.94382,1.94382,0.423440,0.423440,0,0,0,0,0,0,0
facebook_politician,0.3,0,5,1.94382,1.94382,0.418931,0.418931,0,0,0,0,0,0,0
facebook_politician,0.3,0,6,1.94382,1.94382,0.416000,0.416000,0,0,0,0,0,0,0
facebook_politician,0.3,0,7,2.39286,2.39286,0.350080,0.350080,0,0,0,0,0,0,0
facebook_politician,0.3,0,8,2.39286,2.39286,0.348984,0.348984,0,0,0,0,0,0,0
facebook_politician,0.3,0,9,2.39286,2.39286,0.348139,0.348139,0,0,0,0,0,0,0
facebook_politician,0.3,0,10,2.39286,2.39286,0.347467,0.347467,0,0,0,0,0,0,0
facebook_politician,0.3,0,11,22.2,22.2,0.044134,0.044134,0,0,0,0,0,0,0
facebook_politician,0.3,0,12,22.2,22.2,0.044127,0.044127,0,0,0,0,0,0,0
facebook_politician,0.3,0,13,22.2,22.2,0.044120,0.044120,0,0,0,0,0,0,0
facebook_politician,0.3,0,14,22.2,22.2,0.044115,0.044115,0,0,0,0,0,0,0
facebook_politician,0.3,0,15,22.2,22.2,0.044110,0.044110,0,0,0,0,0,0,0
facebook_politician,0.3,0,16,22.2,22.2,0.044106,0.044106,0,0,0,0,0,0,0
facebook_politician,0.3,0,17,22.2,22.2,0.044103,0.044103,0,0,0,0,0,0,0
facebook_politician,0.3,0,18,22.2,22.2,0.044100,0.044100,0,0,0,0,0,0,0
facebook_politician,0.3,0,19,22.2,22.2,0.044097,0.044097,0,0,0,0,0,0,0
facebook_politician,0.3,0,20,22.2,22.2,0.044094,0.044094,0,0,0,0,0,0,0
facebook_politician,0.3,0,21,22.2,22.2,0.044092,0.044092,0,0,0,0,0,0,0
facebook_politician,0.3,0,22,22.2,22.2,0.044090,0.044090,0,0,0,0,0,0,0
facebook_politician,0.3,0,23,22.2,22.2,0.044088,0.044088,0,0,0,0,0,0,0
facebook_politician,0.3,0,24,22.2,22.2,0.044086,0.044086,0,0,0,0,0,0,0
facebook_politician,0.3,0,25,22.2,22.2,0.044084,0.044084,0,0,0,0,0,0,0
facebook_politician,0.3,0,26,22.2,22.2,0.044083,0.044083,0,0,0,0,0,0,0
facebook_politician,0.3,0,27,22.2,22.2,0.044082,0.044082,0,0,0,0,0,0,0
facebook_politician,0.3,0,28,22.2,22.2,0.044080,0.044080,0,0,0,0,0,0,0
facebook_politician,0.3,0,29,22.2,22.2,0.044079,0.044079,0,0,0,0,0,0,0
facebook_politician,0.3,0,30,22.2,22.2,0.044078,0.044078,0,0,0,0,0,0,0
facebook_politician,0.3,15,1,1,1,1.000000,1.000000,0,0,0,0,0,0,0
facebook_politician,0.3,15,2,1.02715,1.02715,0.736609,0.736609,0,0,0,0,0,0,0
facebook_politician,0.3,15,3,2.42222,2.42222,0.358637,0.358637,0,0,0,0,0,0,0
facebook_politician,0.3,15,4,2.42222,2.42222,0.353213,0.353213,0,0,0,0,0,0,0
facebook_politician,0.3,15,5,2.42222,2.42222,0.350069,0.350069,0,0,0,0,0,0,0
facebook_politician,0.3,15,6,4.18421,4.18421,0.216421,0.216421,0,0,0,0,0,0,0
facebook_politician,0.3,15,7,4.18421,4.18421,0.215861,0.215861,0,0,0,0,0,0,0
facebook_politician,0.3,15,8,4.18421,4.18421,0.215443,0.215443,0,0,0,0,0,0,0
facebook_politician,0.3,15,9,4.18421,4.18421,0.215120,0.215120,0,0,0,0,0,0,0
facebook_politician,0.3,15,10,4.18421,4.18421,0.214862,0.214862,0,0,0,0,0,0,0
facebook_politician,0.3,15,11,4.18421,4.18421,0.214652,0.214652,0,0,0,0,0,0,0
facebook_politician,0.3,15,12,4.18421,4.18421,0.214477,0.214477,0,0,0,0,0,0,0
facebook_politician,0.3,15,13,4.18421,4.18421,0.214330,0.214330,0,0,0,0,0,0,0
facebook_politician,0.3,15,14,5.22222,5.22222,0.175362,0.175362,0,0,0,0,0,0,0
facebook_politician,0.3,15,15,5.22222,5.22222,0.175289,0.175289,0,0,0,0,0,0,0
facebook_politician,0.3,15,16,5.22222,5.22222,0.175225,0.175225,0,0,0,0,0,0,0
facebook_politician,0.3,15,17,5.22222,5.22222,0.175168,0.175168,0,0,0,0,0,0,0
facebook_politician,0.3,15,18,5.22222,5.22222,0.175118,0.175118,0,0,0,0,0,0,0
facebook_politician,0.3,15,19,5.22222,5.22222,0.175073,0.175073,0,0,0,0,0,0,0
facebook_politician,0.3,15,20,5.22222,5.22222,0.175033,0.175033,0,0,0,0,0,0,0
facebook_politician,0.3,15,21,5.22222,5.22222,0.174997,0.174997,0,0,0,0,0,0,0
facebook_politician,0.3,15,22,5.22222,5.22222,0.174963,0.174963,0,0,0,0,0,0,0
facebook_politician,0.3,15,23,33.5,33.5,0.029428,0.029428,0,0,0,0,0,0,0
facebook_politician,0.3,15,24,33.5,33.5,0.029428,0.029428,0,0,0,0,0,0,0
facebook_politician,0.3,15,25,33.5,33.5,0.029427,0.029427,0,0,0,0,0,0,0
facebook_politician,0.3,15,26,33.5,33.5,0.029426,0.029426,0,0,0,0,0,0,0
facebook_politician,0.3,15,27,33.5,33.5,0.029426,0.029426,0,0,0,0,0,0,0
facebook_politician,0.3,15,28,33.5,inf,0.029425,0.000000,1,1,1,1,0,1,1
facebook_politician,0.3,15,29,33.5,inf,0.029425,0.000000,1,1,1,1,0,1,1
facebook_politician,0.3,15,30,33.5,inf,0.029424,0.000000,1,1,1,1,0,1,1
