n,K,tau,eta,defn,status,ratio,best_balanced_output,one_minus_exp,LK,UK
12,3,1,1.5,ysmall,OK,0.563578,0.625000,0.486583,0.529492,0.578125
12,3,1,1.5,true,OK,0.589139,0.655738,0.486583,0.529492,0.578125
12,3,2,1.5,ysmall,OK,0.666667,0.864198,0.486583,0.529492,0.578125
12,3,2,1.5,true,OK,0.666667,0.888889,0.486583,0.529492,0.578125
12,3,1,2.0,ysmall,OK,0.468538,0.573333,0.393469,0.421296,0.488000
12,3,1,2.0,true,OK,0.500000,0.666667,0.393469,0.421296,0.488000
12,3,2,2.0,ysmall,OK,0.500000,0.833333,0.393469,0.421296,0.488000
12,3,2,2.0,true,OK,0.500000,0.833333,0.393469,0.421296,0.488000
12,3,1,3.0,ysmall,OK,0.333333,0.555556,0.283469,0.297668,0.370262
12,3,1,3.0,true,OK,0.333333,0.555556,0.283469,0.297668,0.370262
12,3,2,3.0,ysmall,OK,0.333333,0.777778,0.283469,0.297668,0.370262
12,3,2,3.0,true,OK,0.333333,0.777778,0.283469,0.297668,0.370262
24,3,1,1.5,ysmall,OK,0.563578,0.625000,0.486583,0.529492,0.578125
24,3,1,1.5,true,OK,0.563578,0.625000,0.486583,0.529492,0.578125
24,3,2,1.5,ysmall,OK,0.666667,0.888889,0.486583,0.529492,0.578125
24,3,2,1.5,true,OK,0.666667,0.888889,0.486583,0.529492,0.578125
24,3,1,2.0,ysmall,OK,0.468538,0.573333,0.393469,0.421296,0.488000
24,3,1,2.0,true,OK,0.468538,0.573333,0.393469,0.421296,0.488000
24,3,2,2.0,ysmall,OK,0.500000,0.833333,0.393469,0.421296,0.488000
24,3,2,2.0,true,OK,0.500000,0.833333,0.393469,0.421296,0.488000
24,3,1,3.0,ysmall,OK,0.333333,0.555556,0.283469,0.297668,0.370262
24,3,1,3.0,true,OK,0.333333,0.555556,0.283469,0.297668,0.370262
24,3,2,3.0,ysmall,OK,0.333333,0.777778,0.283469,0.297668,0.370262
24,3,2,3.0,true,OK,0.333333,0.777778,0.283469,0.297668,0.370262
16,4,1,1.5,ysmall,OK,0.543704,0.589219,0.486583,0.517747,0.551875
16,4,1,1.5,true,OK,0.591901,0.675325,0.486583,0.517747,0.551875
16,4,2,1.5,ysmall,OK,0.633635,0.718750,0.486583,0.517747,0.551875
16,4,2,1.5,true,OK,0.666667,0.916667,0.486583,0.517747,0.551875
16,4,1,2.0,ysmall,OK,0.449298,0.527697,0.393469,0.413818,0.460225
16,4,1,2.0,true,OK,0.500000,0.750000,0.393469,0.413818,0.460225
16,4,2,2.0,ysmall,OK,0.500000,0.750000,0.393469,0.413818,0.460225
16,4,2,2.0,true,OK,0.500000,0.875000,0.393469,0.413818,0.460225
16,4,1,3.0,ysmall,OK,0.325688,0.463303,0.283469,0.293933,0.343900
16,4,1,3.0,true,OK,0.333333,0.666667,0.283469,0.293933,0.343900
16,4,2,3.0,ysmall,OK,0.333333,0.666667,0.283469,0.293933,0.343900
16,4,2,3.0,true,OK,0.333333,0.833333,0.283469,0.293933,0.343900
32,4,1,1.5,ysmall,OK,0.543704,0.589219,0.486583,0.517747,0.551875
32,4,1,1.5,true,OK,0.543970,0.589219,0.486583,0.517747,0.551875
32,4,2,1.5,ysmall,OK,0.633635,0.718750,0.486583,0.517747,0.551875
32,4,2,1.5,true,OK,0.633635,0.718750,0.486583,0.517747,0.551875
32,4,1,2.0,ysmall,OK,0.449298,0.527697,0.393469,0.413818,0.460225
32,4,1,2.0,true,OK,0.449638,0.530612,0.393469,0.413818,0.460225
32,4,2,2.0,ysmall,OK,0.500000,0.743012,0.393469,0.413818,0.460225
32,4,2,2.0,true,OK,0.500000,0.750000,0.393469,0.413818,0.460225
32,4,1,3.0,ysmall,OK,0.326100,0.459725,0.283469,0.293933,0.343900
32,4,1,3.0,true,OK,0.328791,0.463448,0.283469,0.293933,0.343900
32,4,2,3.0,ysmall,OK,0.333333,0.666667,0.283469,0.293933,0.343900
32,4,2,3.0,true,OK,0.333333,0.666667,0.283469,0.293933,0.343900
24,6,1,1.5,ysmall,OK,0.524603,0.554313,0.486583,0.506730,0.528096
24,6,1,1.5,true,OK,0.543790,0.621849,0.486583,0.506730,0.528096
24,6,2,1.5,ysmall,OK,0.581047,0.640150,0.486583,0.506730,0.528096
24,6,2,1.5,true,OK,0.634879,0.726906,0.486583,0.506730,0.528096
24,6,1,2.0,ysmall,OK,0.430835,0.482566,0.393469,0.406708,0.435526
24,6,1,2.0,true,OK,0.456031,0.573321,0.393469,0.406708,0.435526
24,6,2,2.0,ysmall,OK,0.476268,0.589703,0.393469,0.406708,0.435526
24,6,2,2.0,true,OK,0.500000,0.750000,0.393469,0.406708,0.435526
24,6,1,3.0,ysmall,OK,0.313354,0.399676,0.283469,0.290327,0.321066
24,6,1,3.0,true,OK,0.333333,0.555556,0.283469,0.290327,0.321066
24,6,2,3.0,ysmall,OK,0.333333,0.555556,0.283469,0.290327,0.321066
24,6,2,3.0,true,OK,0.333333,0.666667,0.283469,0.290327,0.321066
48,6,1,1.5,ysmall,OK,0.524603,0.554313,0.486583,0.506730,0.528096
48,6,1,1.5,true,OK,0.525057,0.554313,0.486583,0.506730,0.528096
48,6,2,1.5,ysmall,OK,0.581047,0.640150,0.486583,0.506730,0.528096
48,6,2,1.5,true,OK,0.583576,0.644477,0.486583,0.506730,0.528096
48,6,1,2.0,ysmall,OK,0.430835,0.482566,0.393469,0.406708,0.435526
48,6,1,2.0,true,OK,0.432177,0.485842,0.393469,0.406708,0.435526
48,6,2,2.0,ysmall,OK,0.476268,0.589703,0.393469,0.406708,0.435526
48,6,2,2.0,true,OK,0.482505,0.594439,0.393469,0.406708,0.435526
48,6,1,3.0,ysmall,OK,0.313413,0.399171,0.283469,0.290327,0.321066
48,6,1,3.0,true,OK,0.318168,0.406209,0.283469,0.290327,0.321066
48,6,2,3.0,ysmall,OK,0.333333,0.555556,0.283469,0.290327,0.321066
48,6,2,3.0,true,OK,0.333333,0.555556,0.283469,0.290327,0.321066
32,8,1,1.5,ysmall,OK,0.515101,0.537141,0.486583,0.501470,0.517017
32,8,1,1.5,true,OK,0.527900,0.628003,0.486583,0.501470,0.517017
32,8,2,1.5,ysmall,OK,0.557256,0.601419,0.486583,0.501470,0.517017
32,8,2,1.5,true,OK,0.610275,0.698759,0.486583,0.501470,0.517017
32,8,1,2.0,ysmall,OK,0.421600,0.460159,0.393469,0.403281,0.424170
32,8,1,2.0,true,OK,0.439423,0.576923,0.393469,0.403281,0.424170
32,8,2,2.0,ysmall,OK,0.455987,0.539152,0.393469,0.403281,0.424170
32,8,2,2.0,true,OK,0.500000,0.750000,0.393469,0.403281,0.424170
32,8,1,3.0,ysmall,OK,0.306588,0.369932,0.283469,0.288569,0.310756
32,8,1,3.0,true,OK,0.323250,0.548611,0.283469,0.288569,0.310756
32,8,2,3.0,ysmall,OK,0.327672,0.472481,0.283469,0.288569,0.310756
32,8,2,3.0,true,OK,0.333333,0.666667,0.283469,0.288569,0.310756
64,8,1,1.5,ysmall,OK,0.515101,0.537141,0.486583,0.501470,0.517017
64,8,1,1.5,true,OK,0.524102,0.568342,0.486583,0.501470,0.517017
64,8,2,1.5,ysmall,OK,0.557256,0.601419,0.486583,0.501470,0.517017
64,8,2,1.5,true,OK,0.567727,0.635500,0.486583,0.501470,0.517017
64,8,1,2.0,ysmall,OK,0.421600,0.460159,0.393469,0.403281,0.424170
64,8,1,2.0,true,OK,0.430895,0.509468,0.393469,0.403281,0.424170
64,8,2,2.0,ysmall,OK,0.455987,0.539152,0.393469,0.403281,0.424170
64,8,2,2.0,true,OK,0.468537,0.590350,0.393469,0.403281,0.424170
64,8,1,3.0,ysmall,OK,0.306592,0.369625,0.283469,0.288569,0.310756
64,8,1,3.0,true,OK,0.316821,0.443698,0.283469,0.288569,0.310756
64,8,2,3.0,ysmall,OK,0.328269,0.469309,0.283469,0.288569,0.310756
64,8,2,3.0,true,OK,0.333333,0.583333,0.283469,0.288569,0.310756
48,12,1,1.5,ysmall,OK,0.505597,0.520138,0.486583,0.496364,0.506428
48,12,1,1.5,true,OK,0.508847,0.611990,0.486583,0.496364,0.506428
48,12,2,1.5,ysmall,OK,0.533816,0.562950,0.486583,0.496364,0.506428
48,12,2,1.5,true,OK,0.570240,0.656276,0.486583,0.496364,0.506428
48,12,1,2.0,ysmall,OK,0.412294,0.437925,0.393469,0.399934,0.413405
48,12,1,2.0,true,OK,0.421155,0.555410,0.393469,0.399934,0.413405
48,12,2,2.0,ysmall,OK,0.435987,0.489681,0.393469,0.399934,0.413405
48,12,2,2.0,true,OK,0.472712,0.619208,0.393469,0.399934,0.413405
48,12,1,3.0,ysmall,OK,0.299309,0.340672,0.283469,0.286841,0.301092
48,12,1,3.0,true,OK,0.308877,0.511111,0.283469,0.286841,0.301092
48,12,2,3.0,ysmall,OK,0.315496,0.404155,0.283469,0.286841,0.301092
48,12,2,3.0,true,OK,0.333333,0.611111,0.283469,0.286841,0.301092
96,12,1,1.5,ysmall,OK,0.505597,0.520138,0.486583,0.496364,0.506428
96,12,1,1.5,true,OK,0.507910,0.548555,0.486583,0.496364,0.506428
96,12,2,1.5,ysmall,OK,0.533816,0.562950,0.486583,0.496364,0.506428
96,12,2,1.5,true,OK,0.547374,0.594824,0.486583,0.496364,0.506428
96,12,1,2.0,ysmall,OK,0.412294,0.437904,0.393469,0.399934,0.413405
96,12,1,2.0,true,OK,0.415455,0.475999,0.393469,0.399934,0.413405
96,12,2,2.0,ysmall,OK,0.435987,0.489681,0.393469,0.399934,0.413405
96,12,2,2.0,true,OK,0.446510,0.533427,0.393469,0.399934,0.413405
96,12,1,3.0,ysmall,OK,0.299309,0.340526,0.283469,0.286841,0.301092
96,12,1,3.0,true,OK,0.303665,0.390948,0.283469,0.286841,0.301092
96,12,2,3.0,ysmall,OK,0.315571,0.403792,0.283469,0.286841,0.301092
96,12,2,3.0,true,OK,0.325662,0.457938,0.283469,0.286841,0.301092
64,16,1,1.5,ysmall,OK,0.500844,0.511695,0.486583,0.493866,0.501306
64,16,1,1.5,true,OK,0.500309,0.603759,0.486583,0.493866,0.501306
64,16,2,1.5,ysmall,OK,0.522070,0.543794,0.486583,0.493866,0.501306
64,16,2,1.5,true,OK,0.547681,0.637166,0.486583,0.493866,0.501306
64,16,1,2.0,ysmall,OK,0.407614,0.426774,0.393469,0.398290,0.408230
64,16,1,2.0,true,OK,0.412558,0.544719,0.393469,0.398290,0.408230
64,16,2,2.0,ysmall,OK,0.425715,0.465319,0.393469,0.398290,0.408230
64,16,2,2.0,true,OK,0.453040,0.587302,0.393469,0.398290,0.408230
64,16,1,3.0,ysmall,OK,0.295498,0.326167,0.283469,0.285987,0.296482
64,16,1,3.0,true,OK,0.301050,0.495588,0.283469,0.285987,0.296482
64,16,2,3.0,ysmall,OK,0.308461,0.372875,0.283469,0.285987,0.296482
64,16,2,3.0,true,OK,0.333009,0.548214,0.283469,0.285987,0.296482
128,16,1,1.5,ysmall,OK,0.500844,0.511695,0.486583,0.493866,0.501306
128,16,1,1.5,true,OK,0.502475,0.549944,0.486583,0.493866,0.501306
128,16,2,1.5,ysmall,OK,0.522070,0.543794,0.486583,0.493866,0.501306
128,16,2,1.5,true,OK,0.537769,0.584086,0.486583,0.493866,0.501306
128,16,1,2.0,ysmall,OK,0.407614,0.426775,0.393469,0.398290,0.408230
128,16,1,2.0,true,OK,0.410415,0.479209,0.393469,0.398290,0.408230
128,16,2,2.0,ysmall,OK,0.425715,0.465319,0.393469,0.398290,0.408230
128,16,2,2.0,true,OK,0.439175,0.523680,0.393469,0.398290,0.408230
128,16,1,3.0,ysmall,OK,0.295498,0.326151,0.283469,0.285987,0.296482
128,16,1,3.0,true,OK,0.299484,0.398544,0.283469,0.285987,0.296482
128,16,2,3.0,ysmall,OK,0.308466,0.372789,0.283469,0.285987,0.296482
128,16,2,3.0,true,OK,0.318875,0.450879,0.283469,0.285987,0.296482
96,24,1,1.5,ysmall,OK,0.496090,0.503289,0.486583,0.491404,0.496293
96,24,1,1.5,true,OK,0.489513,0.594848,0.486583,0.491404,0.496293
96,24,2,1.5,ysmall,OK,0.510281,0.524701,0.486583,0.491404,0.496293
96,24,2,1.5,true,OK,0.523509,0.618049,0.486583,0.491404,0.496293
96,24,1,2.0,ysmall,OK,0.402915,0.415744,0.393469,0.396664,0.403185
96,24,1,2.0,true,OK,0.402091,0.536232,0.393469,0.396664,0.403185
96,24,2,2.0,ysmall,OK,0.415190,0.441182,0.393469,0.396664,0.403185
96,24,2,2.0,true,OK,0.431202,0.561991,0.393469,0.396664,0.403185
96,24,1,3.0,ysmall,OK,0.291584,0.311849,0.283469,0.285141,0.292013
96,24,1,3.0,true,OK,0.293205,0.481153,0.283469,0.285141,0.292013
96,24,2,3.0,ysmall,OK,0.300712,0.342612,0.283469,0.285141,0.292013
96,24,2,3.0,true,OK,0.315556,0.511762,0.283469,0.285141,0.292013
192,24,1,1.5,ysmall,OK,0.496090,0.503289,0.486583,0.491404,0.496293
192,24,1,1.5,true,OK,0.494989,0.543306,0.486583,0.491404,0.496293
192,24,2,1.5,ysmall,OK,0.510281,0.524701,0.486583,0.491404,0.496293
192,24,2,1.5,true,OK,0.522574,0.565247,0.486583,0.491404,0.496293
192,24,1,2.0,ysmall,OK,0.402915,0.415642,0.393469,0.396664,0.403185
192,24,1,2.0,true,OK,0.403398,0.470032,0.393469,0.396664,0.403185
192,24,2,2.0,ysmall,OK,0.415190,0.441209,0.393469,0.396664,0.403185
192,24,2,2.0,true,OK,0.426420,0.497246,0.393469,0.396664,0.403185
