n,K,tau,eta,defn,status,min_delta,delta_cc,formula
12,3,1,1.5,ysmall,FEASIBLE,0.361111,0.361111,0.361111
12,3,1,1.5,true,INFEASIBLE-ANY-DELTA,,2.29355,0.361111
12,3,2,1.5,ysmall,FEASIBLE,2.29355,2.29355,2.29355
12,3,2,1.5,true,INFEASIBLE-ANY-DELTA,,2.29355,2.29355
12,3,1,2.0,ysmall,FEASIBLE,0.5625,0.5625,0.5625
12,3,1,2.0,true,INFEASIBLE-ANY-DELTA,,3.34028,0.5625
12,3,2,2.0,ysmall,FEASIBLE,3.34028,3.34028,3.34028
12,3,2,2.0,true,INFEASIBLE-ANY-DELTA,,3.34028,3.34028
12,3,1,3.0,ysmall,FEASIBLE,0.777778,0.777778,0.777778
12,3,1,3.0,true,INFEASIBLE-ANY-DELTA,,4.61866,0.777778
12,3,2,3.0,ysmall,FEASIBLE,4.61866,4.61866,4.61866
12,3,2,3.0,true,INFEASIBLE-ANY-DELTA,,4.61866,4.61866
16,4,1,1.5,ysmall,FEASIBLE,0.234568,0.234568,0.234568
16,4,1,1.5,true,INFEASIBLE-ANY-DELTA,,4.35837,0.234568
16,4,2,1.5,ysmall,FEASIBLE,0.929012,0.929012,0.929012
16,4,2,1.5,true,INFEASIBLE-ANY-DELTA,,4.35837,0.929012
16,4,1,2.0,ysmall,FEASIBLE,0.361111,0.361111,0.361111
16,4,1,2.0,true,INFEASIBLE-ANY-DELTA,,6.18073,0.361111
16,4,2,2.0,ysmall,FEASIBLE,1.34473,1.34473,1.34473
16,4,2,2.0,true,INFEASIBLE-ANY-DELTA,,6.18073,1.34473
16,4,1,3.0,ysmall,FEASIBLE,0.493827,0.493827,0.493827
16,4,1,3.0,true,INFEASIBLE-ANY-DELTA,,8.49268,0.493827
16,4,2,3.0,ysmall,FEASIBLE,1.82427,1.82427,1.82427
16,4,2,3.0,true,INFEASIBLE-ANY-DELTA,,8.49268,1.82427
24,6,1,1.5,ysmall,FEASIBLE,0.137778,0.137778,0.137778
24,6,1,1.5,true,INFEASIBLE-ANY-DELTA,,10.0861,0.137778
24,6,2,1.5,ysmall,FEASIBLE,0.404664,0.404664,0.404664
24,6,2,1.5,true,INFEASIBLE-ANY-DELTA,,10.0861,0.404664
24,6,1,2.0,ysmall,FEASIBLE,0.21,0.21,0.21
24,6,1,2.0,true,INFEASIBLE-ANY-DELTA,,14.0805,0.21
24,6,2,2.0,ysmall,FEASIBLE,0.58865,0.58865,0.58865
24,6,2,2.0,true,INFEASIBLE-ANY-DELTA,,14.0805,0.58865
24,6,1,3.0,ysmall,FEASIBLE,0.284444,0.284444,0.284444
24,6,1,3.0,true,INFEASIBLE-ANY-DELTA,,19.3267,0.284444
24,6,2,3.0,ysmall,FEASIBLE,0.790145,0.790145,0.790145
24,6,2,3.0,true,INFEASIBLE-ANY-DELTA,,19.3267,0.790145
32,8,1,1.5,ysmall,FEASIBLE,0.0975057,0.0975057,0.0975057
32,8,1,1.5,true,INFEASIBLE-ANY-DELTA,,17.9295,0.0975057
32,8,2,1.5,ysmall,FEASIBLE,0.25523,0.25523,0.25523
32,8,2,1.5,true,INFEASIBLE-ANY-DELTA,,17.9295,0.25523
32,8,1,2.0,ysmall,FEASIBLE,0.147959,0.147959,0.147959
32,8,1,2.0,true,INFEASIBLE-ANY-DELTA,,24.9285,0.147959
32,8,2,2.0,ysmall,FEASIBLE,0.373291,0.373291,0.373291
32,8,2,2.0,true,INFEASIBLE-ANY-DELTA,,24.9285,0.373291
32,8,1,3.0,ysmall,FEASIBLE,0.199546,0.199546,0.199546
32,8,1,3.0,true,INFEASIBLE-ANY-DELTA,,34.2706,0.199546
32,8,2,3.0,ysmall,FEASIBLE,0.499491,0.499491,0.499491
32,8,2,3.0,true,INFEASIBLE-ANY-DELTA,,34.2706,0.499491
48,12,1,1.5,ysmall,FEASIBLE,0.0615243,0.0615243,0.0615243
48,12,1,1.5,true,INFEASIBLE-ANY-DELTA,,39.949,0.0615243
48,12,2,1.5,ysmall,FEASIBLE,0.145693,0.145693,0.145693
48,12,2,1.5,true,INFEASIBLE-ANY-DELTA,,39.949,0.145693
48,12,1,2.0,ysmall,FEASIBLE,0.0929752,0.0929752,0.0929752
48,12,1,2.0,true,INFEASIBLE-ANY-DELTA,,55.4583,0.0929752
48,12,2,2.0,ysmall,FEASIBLE,0.214588,0.214588,0.214588
48,12,2,2.0,true,INFEASIBLE-ANY-DELTA,,55.4583,0.214588
48,12,1,3.0,ysmall,FEASIBLE,0.124885,0.124885,0.124885
48,12,1,3.0,true,INFEASIBLE-ANY-DELTA,,76.4826,0.124885
48,12,2,3.0,ysmall,FEASIBLE,0.286544,0.286544,0.286544
48,12,2,3.0,true,INFEASIBLE-ANY-DELTA,,76.4826,0.286544
64,16,1,1.5,ysmall,FEASIBLE,0.0449383,0.0449383,0.0449383
64,16,1,1.5,true,INFEASIBLE-ANY-DELTA,,70.4065,0.0449383
64,16,2,1.5,ysmall,FEASIBLE,0.101667,0.101667,0.101667
64,16,2,1.5,true,INFEASIBLE-ANY-DELTA,,70.4065,0.101667
64,16,1,2.0,ysmall,FEASIBLE,0.0677778,0.0677778,0.0677778
64,16,1,2.0,true,INFEASIBLE-ANY-DELTA,,97.7624,0.0677778
64,16,2,2.0,ysmall,FEASIBLE,0.150352,0.150352,0.150352
64,16,2,2.0,true,INFEASIBLE-ANY-DELTA,,97.7624,0.150352
64,16,1,3.0,ysmall,FEASIBLE,0.0908642,0.0908642,0.0908642
64,16,1,3.0,true,INFEASIBLE-ANY-DELTA,,135.125,0.0908642
64,16,2,3.0,ysmall,FEASIBLE,0.200633,0.200633,0.200633
64,16,2,3.0,true,INFEASIBLE-ANY-DELTA,,135.125,0.200633
96,24,1,1.5,ysmall,FEASIBLE,0.0291955,0.0291955,0.0291955
96,24,1,1.5,true,INFEASIBLE-ANY-DELTA,,156.629,0.0291955
96,24,2,1.5,ysmall,FEASIBLE,0.0632596,0.0632596,0.0632596
96,24,2,1.5,true,INFEASIBLE-ANY-DELTA,,156.629,0.0632596
96,24,1,2.0,ysmall,FEASIBLE,0.0439509,0.0439509,0.0439509
96,24,1,2.0,true,INFEASIBLE-ANY-DELTA,,217.689,0.0439509
96,24,2,2.0,ysmall,FEASIBLE,0.0939654,0.0939654,0.0939654
96,24,2,2.0,true,INFEASIBLE-ANY-DELTA,,217.689,0.0939654
96,24,1,3.0,ysmall,FEASIBLE,0.0588112,0.0588112,0.0588112
96,24,1,3.0,true,INFEASIBLE-ANY-DELTA,,301.699,0.0588112
96,24,2,3.0,ysmall,FEASIBLE,0.125332,0.125332,0.125332
96,24,2,3.0,true,INFEASIBLE-ANY-DELTA,,301.699,0.125332
128,32,1,1.5,ysmall,FEASIBLE,0.021621,0.021621,0.021621
128,32,1,1.5,true,INFEASIBLE-ANY-DELTA,,276.594,0.021621
128,32,2,1.5,ysmall,FEASIBLE,0.045885,0.045885,0.045885
128,32,2,1.5,true,INFEASIBLE-ANY-DELTA,,276.594,0.045885
128,32,1,2.0,ysmall,FEASIBLE,0.0325182,0.0325182,0.0325182
128,32,1,2.0,true,INFEASIBLE-ANY-DELTA,,384.705,0.0325182
128,32,2,2.0,ysmall,FEASIBLE,0.068316,0.068316,0.068316
128,32,2,2.0,true,INFEASIBLE-ANY-DELTA,,384.705,0.068316
128,32,1,3.0,ysmall,FEASIBLE,0.0434732,0.0434732,0.0434732
128,32,1,3.0,true,INFEASIBLE-ANY-DELTA,,533.992,0.0434732
128,32,2,3.0,ysmall,FEASIBLE,0.091106,0.091106,0.091106
128,32,2,3.0,true,INFEASIBLE-ANY-DELTA,,533.992,0.091106
