n,K,tau,eta,split,balanced_def,status,min_delta,delta_cc,delta_explicit,ratio_B,LK,opt_is_O,n_hard_conflicts,leak
8,3,1,1.5,sqrt,ysmall,FEASIBLE,0.361111,0.361111,0.361111,0.529492,0.529492,True,0,0.142
8,3,1,1.5,sqrt,true,INFEASIBLE-ANY-DELTA,,2.29355,,0.529492,0.529492,True,25,
8,3,2,1.5,sqrt,ysmall,FEASIBLE,2.29355,2.29355,2.29355,0.529492,0.529492,True,0,0.333
8,3,2,1.5,sqrt,true,INFEASIBLE-ANY-DELTA,,2.29355,,0.529492,0.529492,True,80,
8,3,1,2.0,sqrt,ysmall,FEASIBLE,0.5625,0.5625,0.5625,0.421296,0.421296,True,0,0.118
8,3,1,2.0,sqrt,true,INFEASIBLE-ANY-DELTA,,3.34028,,0.421296,0.421296,True,25,
8,3,2,2.0,sqrt,ysmall,FEASIBLE,3.34028,3.34028,3.34028,0.421296,0.421296,True,0,0.332
8,3,2,2.0,sqrt,true,INFEASIBLE-ANY-DELTA,,3.34028,,0.421296,0.421296,True,80,
8,3,1,3.0,sqrt,ysmall,FEASIBLE,0.777778,0.777778,0.777778,0.297668,0.297668,True,0,0.107
8,3,1,3.0,sqrt,true,INFEASIBLE-ANY-DELTA,,4.61866,,0.297668,0.297668,True,25,
8,3,2,3.0,sqrt,ysmall,FEASIBLE,4.61866,4.61866,4.61866,0.297668,0.297668,True,0,0.29
8,3,2,3.0,sqrt,true,INFEASIBLE-ANY-DELTA,,4.61866,,0.297668,0.297668,True,80,
8,3,1,1.5,sqrt,ysmall,FEASIBLE,0.361111,0.361111,0.361111,0.529492,0.529492,True,0,0.142
8,3,1,1.5,u,ysmall,FEASIBLE,0.361111,0.361111,0.361111,0.529492,0.529492,True,0,0.142
8,3,1,1.5,sqrt,true,INFEASIBLE-ANY-DELTA,,2.29355,,0.529492,0.529492,True,25,
8,3,1,1.5,u,true,INFEASIBLE-ANY-DELTA,,2.29355,,0.529492,0.529492,True,25,
8,3,2,1.5,sqrt,ysmall,FEASIBLE,2.29355,2.29355,2.29355,0.529492,0.529492,True,0,0.333
8,3,2,1.5,u,ysmall,FEASIBLE,2.29355,2.29355,2.29355,0.529492,0.529492,True,0,0.333
8,3,2,1.5,sqrt,true,INFEASIBLE-ANY-DELTA,,2.29355,,0.529492,0.529492,True,80,
8,3,2,1.5,u,true,INFEASIBLE-ANY-DELTA,,2.29355,,0.529492,0.529492,True,80,
8,3,1,2.0,sqrt,ysmall,FEASIBLE,0.5625,0.5625,0.5625,0.421296,0.421296,True,0,0.118
8,3,1,2.0,u,ysmall,FEASIBLE,0.5625,0.5625,0.5625,0.421296,0.421296,True,0,0.118
8,3,1,2.0,sqrt,true,INFEASIBLE-ANY-DELTA,,3.34028,,0.421296,0.421296,True,25,
8,3,1,2.0,u,true,INFEASIBLE-ANY-DELTA,,3.34028,,0.421296,0.421296,True,25,
8,3,2,2.0,sqrt,ysmall,FEASIBLE,3.34028,3.34028,3.34028,0.421296,0.421296,True,0,0.332
8,3,2,2.0,u,ysmall,FEASIBLE,3.34028,3.34028,3.34028,0.421296,0.421296,True,0,0.332
8,3,2,2.0,sqrt,true,INFEASIBLE-ANY-DELTA,,3.34028,,0.421296,0.421296,True,80,
8,3,2,2.0,u,true,INFEASIBLE-ANY-DELTA,,3.34028,,0.421296,0.421296,True,80,
8,3,1,3.0,sqrt,ysmall,FEASIBLE,0.777778,0.777778,0.777778,0.297668,0.297668,True,0,0.107
8,3,1,3.0,u,ysmall,FEASIBLE,0.777778,0.777778,0.777778,0.297668,0.297668,True,0,0.107
8,3,1,3.0,sqrt,true,INFEASIBLE-ANY-DELTA,,4.61866,,0.297668,0.297668,True,25,
8,3,1,3.0,u,true,INFEASIBLE-ANY-DELTA,,4.61866,,0.297668,0.297668,True,25,
8,3,2,3.0,sqrt,ysmall,FEASIBLE,4.61866,4.61866,4.61866,0.297668,0.297668,True,0,0.29
8,3,2,3.0,u,ysmall,FEASIBLE,4.61866,4.61866,4.61866,0.297668,0.297668,True,0,0.29
8,3,2,3.0,sqrt,true,INFEASIBLE-ANY-DELTA,,4.61866,,0.297668,0.297668,True,80,
8,3,2,3.0,u,true,INFEASIBLE-ANY-DELTA,,4.61866,,0.297668,0.297668,True,80,
10,3,1,1.5,sqrt,ysmall,FEASIBLE,0.361111,0.361111,0.361111,0.529492,0.529492,True,0,0.111
10,3,1,1.5,u,ysmall,FEASIBLE,0.361111,0.361111,0.361111,0.529492,0.529492,True,0,0.111
10,3,1,1.5,sqrt,true,INFEASIBLE-ANY-DELTA,,2.29355,,0.529492,0.529492,True,154,
10,3,1,1.5,u,true,INFEASIBLE-ANY-DELTA,,2.29355,,0.529492,0.529492,True,154,
10,3,2,1.5,sqrt,ysmall,FEASIBLE,2.29355,2.29355,2.29355,0.529492,0.529492,True,0,0.283
10,3,2,1.5,u,ysmall,FEASIBLE,2.29355,2.29355,2.29355,0.529492,0.529492,True,0,0.283
10,3,2,1.5,sqrt,true,INFEASIBLE-ANY-DELTA,,2.29355,,0.529492,0.529492,True,441,
10,3,2,1.5,u,true,INFEASIBLE-ANY-DELTA,,2.29355,,0.529492,0.529492,True,441,
10,3,1,2.0,sqrt,ysmall,FEASIBLE,0.5625,0.5625,0.5625,0.421296,0.421296,True,0,0.167
10,3,1,2.0,u,ysmall,FEASIBLE,0.5625,0.5625,0.5625,0.421296,0.421296,True,0,0.167
10,3,1,2.0,sqrt,true,INFEASIBLE-ANY-DELTA,,3.34028,,0.421296,0.421296,True,154,
10,3,1,2.0,u,true,INFEASIBLE-ANY-DELTA,,3.34028,,0.421296,0.421296,True,154,
10,3,2,2.0,sqrt,ysmall,FEASIBLE,3.34028,3.34028,3.34028,0.421296,0.421296,True,0,0.311
10,3,2,2.0,u,ysmall,FEASIBLE,3.34028,3.34028,3.34028,0.421296,0.421296,True,0,0.311
10,3,2,2.0,sqrt,true,INFEASIBLE-ANY-DELTA,,3.34028,,0.421296,0.421296,True,441,
10,3,2,2.0,u,true,INFEASIBLE-ANY-DELTA,,3.34028,,0.421296,0.421296,True,441,
10,3,1,3.0,sqrt,ysmall,FEASIBLE,0.777778,0.777778,0.777778,0.297668,0.297668,True,0,0.115
10,3,1,3.0,u,ysmall,FEASIBLE,0.777778,0.777778,0.777778,0.297668,0.297668,True,0,0.115
10,3,1,3.0,sqrt,true,INFEASIBLE-ANY-DELTA,,4.61866,,0.297668,0.297668,True,154,
10,3,1,3.0,u,true,INFEASIBLE-ANY-DELTA,,4.61866,,0.297668,0.297668,True,154,
10,3,2,3.0,sqrt,ysmall,FEASIBLE,4.61866,4.61866,4.61866,0.297668,0.297668,True,0,0.298
10,3,2,3.0,u,ysmall,FEASIBLE,4.61866,4.61866,4.61866,0.297668,0.297668,True,0,0.298
10,3,2,3.0,sqrt,true,INFEASIBLE-ANY-DELTA,,4.61866,,0.297668,0.297668,True,441,
10,3,2,3.0,u,true,INFEASIBLE-ANY-DELTA,,4.61866,,0.297668,0.297668,True,441,
10,4,1,1.5,sqrt,ysmall,FEASIBLE,0.234568,0.234568,0.234568,0.517747,0.517747,True,0,0.123
10,4,1,1.5,u,ysmall,FEASIBLE,0.234568,0.234568,0.234568,0.517747,0.517747,True,0,0.123
10,4,1,1.5,sqrt,true,INFEASIBLE-ANY-DELTA,,4.35837,,0.517747,0.517747,True,36,
10,4,1,1.5,u,true,INFEASIBLE-ANY-DELTA,,4.35837,,0.517747,0.517747,True,36,
10,4,2,1.5,sqrt,ysmall,FEASIBLE,0.929012,0.929012,0.929012,0.517747,0.517747,True,0,0.326
10,4,2,1.5,u,ysmall,FEASIBLE,0.929012,0.929012,0.929012,0.517747,0.517747,True,0,0.326
10,4,2,1.5,sqrt,true,INFEASIBLE-ANY-DELTA,,4.35837,,0.517747,0.517747,True,186,
10,4,2,1.5,u,true,INFEASIBLE-ANY-DELTA,,4.35837,,0.517747,0.517747,True,186,
10,4,1,2.0,sqrt,ysmall,FEASIBLE,0.361111,0.361111,0.361111,0.413818,0.413818,True,0,0.222
10,4,1,2.0,u,ysmall,FEASIBLE,0.361111,0.361111,0.361111,0.413818,0.413818,True,0,0.222
10,4,1,2.0,sqrt,true,INFEASIBLE-ANY-DELTA,,6.18073,,0.413818,0.413818,True,36,
10,4,1,2.0,u,true,INFEASIBLE-ANY-DELTA,,6.18073,,0.413818,0.413818,True,36,
10,4,2,2.0,sqrt,ysmall,FEASIBLE,1.34473,1.34473,1.34473,0.413818,0.413818,True,0,0.243
10,4,2,2.0,u,ysmall,FEASIBLE,1.34473,1.34473,1.34473,0.413818,0.413818,True,0,0.243
10,4,2,2.0,sqrt,true,INFEASIBLE-ANY-DELTA,,6.18073,,0.413818,0.413818,True,186,
10,4,2,2.0,u,true,INFEASIBLE-ANY-DELTA,,6.18073,,0.413818,0.413818,True,186,
10,4,1,3.0,sqrt,ysmall,FEASIBLE,0.493827,0.493827,0.493827,0.293933,0.293933,True,0,0.198
10,4,1,3.0,u,ysmall,FEASIBLE,0.493827,0.493827,0.493827,0.293933,0.293933,True,0,0.198
10,4,1,3.0,sqrt,true,INFEASIBLE-ANY-DELTA,,8.49268,,0.293933,0.293933,True,36,
10,4,1,3.0,u,true,INFEASIBLE-ANY-DELTA,,8.49268,,0.293933,0.293933,True,36,
10,4,2,3.0,sqrt,ysmall,FEASIBLE,1.82427,1.82427,1.82427,0.293933,0.293933,True,0,0.208
10,4,2,3.0,u,ysmall,FEASIBLE,1.82427,1.82427,1.82427,0.293933,0.293933,True,0,0.208
10,4,2,3.0,sqrt,true,INFEASIBLE-ANY-DELTA,,8.49268,,0.293933,0.293933,True,186,
10,4,2,3.0,u,true,INFEASIBLE-ANY-DELTA,,8.49268,,0.293933,0.293933,True,186,
12,4,1,1.5,sqrt,ysmall,FEASIBLE,0.234568,0.234568,0.234568,0.517747,0.517747,True,0,0.127
12,4,1,1.5,sqrt,true,INFEASIBLE-ANY-DELTA,,4.35837,,0.517747,0.517747,True,232,
12,4,2,1.5,sqrt,ysmall,FEASIBLE,0.929012,0.929012,0.929012,0.517747,0.517747,True,0,0.282
12,4,2,1.5,sqrt,true,INFEASIBLE-ANY-DELTA,,4.35837,,0.517747,0.517747,True,960,
12,4,1,2.0,sqrt,ysmall,FEASIBLE,0.361111,0.361111,0.361111,0.413818,0.413818,True,0,0.166
12,4,1,2.0,sqrt,true,INFEASIBLE-ANY-DELTA,,6.18073,,0.413818,0.413818,True,232,
12,4,2,2.0,sqrt,ysmall,FEASIBLE,1.34473,1.34473,1.34473,0.413818,0.413818,True,0,0.345
12,4,2,2.0,sqrt,true,INFEASIBLE-ANY-DELTA,,6.18073,,0.413818,0.413818,True,960,
12,4,1,3.0,sqrt,ysmall,FEASIBLE,0.493827,0.493827,0.493827,0.293933,0.293933,True,0,0.216
12,4,1,3.0,sqrt,true,INFEASIBLE-ANY-DELTA,,8.49268,,0.293933,0.293933,True,232,
12,4,2,3.0,sqrt,ysmall,FEASIBLE,1.82427,1.82427,1.82427,0.293933,0.293933,True,0,0.224
12,4,2,3.0,sqrt,true,INFEASIBLE-ANY-DELTA,,8.49268,,0.293933,0.293933,True,960,
